/*
Navicat MySQL Data Transfer

Source Server         : mysql
Source Server Version : 50151
Source Host           : localhost:3306
Source Database       : zjjershouche

Target Server Type    : MYSQL
Target Server Version : 50151
File Encoding         : 65001

Date: 2016-06-21 09:24:24
*/

SET FOREIGN_KEY_CHECKS=0;

-- ----------------------------
-- Table structure for `car`
-- ----------------------------
DROP TABLE IF EXISTS `car`;
CREATE TABLE `car` (
  `id` int(11) NOT NULL AUTO_INCREMENT,
  `title` varchar(255) DEFAULT NULL,
  `note` varchar(255) DEFAULT NULL,
  `carpinpai` varchar(255) DEFAULT NULL,
  `chexi` varchar(255) DEFAULT NULL,
  `jiage` float DEFAULT NULL,
  `cartype` varchar(255) DEFAULT NULL,
  `carcolor` varchar(255) DEFAULT NULL,
  `username` varchar(255) DEFAULT NULL,
  `pailiang` float DEFAULT NULL,
  `licheng` float DEFAULT NULL,
  `biansuxiang` varchar(255) DEFAULT NULL,
  `shangpaidate` varchar(255) DEFAULT NULL,
  `lianxiren` varchar(255) DEFAULT NULL,
  `lianxidianhua` varchar(255) DEFAULT NULL,
  `biaolicheng` float DEFAULT NULL,
  `yiershou` varchar(255) DEFAULT NULL,
  `jiaoqiangxian` varchar(255) DEFAULT NULL,
  `cheling` float DEFAULT NULL,
  `chuchangri` varchar(255) DEFAULT NULL,
  `chekuang` varchar(255) DEFAULT NULL,
  `chepaihao` varchar(255) DEFAULT NULL,
  `kanchedizhi` varchar(255) DEFAULT NULL,
  `qitagongneng` varchar(255) DEFAULT NULL,
  `fabudate` varchar(255) DEFAULT NULL,
  `liulan` int(11) DEFAULT '0',
  `zan` int(11) DEFAULT '0',
  `status` int(11) DEFAULT '0',
  `type` int(11) DEFAULT '0',
  PRIMARY KEY (`id`)
) ENGINE=InnoDB AUTO_INCREMENT=194 DEFAULT CHARSET=utf8;

-- ----------------------------
-- Records of car
-- ----------------------------
INSERT INTO `car` VALUES ('101', '奥迪 , A4', '111', '奥迪', 'A4', '10', '小型车', '蓝色', 'zddzdd', '2', '1', '手动', '2016-04-07', '我的', '15074485809', '1', null, '2016-04-07', '1', '2016-04-11', null, '2016-04-02', null, '我的', '2016-04-23 00:08:51', '1', '0', '2', '1');
INSERT INTO `car` VALUES ('102', '阿尔法·罗米欧 , A1', '111', '阿尔法·罗米欧', 'A1', '10', '小型车', '蓝色', 'zddzdd', '2', '1', '手动', '2016-04-07', '我的', '15074485809', '1', null, '2016-04-07', '1', '2016-04-11', null, '2016-04-02', null, '我的', '2016-04-23 00:10:19', '2', '0', '0', '1');
INSERT INTO `car` VALUES ('103', '保时捷 , B1', '111', '保时捷', 'B1', '10', '小型车', '蓝色', 'zddzdd', '2', '1', '手动', '2016-04-07', '我的', '15074485809', '1', null, '2016-04-07', '1', '2016-04-11', null, '2016-04-02', null, '我的', '2016-04-23 00:10:25', '0', '0', '0', '1');
INSERT INTO `car` VALUES ('104', '昌河 , C1', '111', '昌河', 'C1', '10', '小型车', '蓝色', 'zddzdd', '2', '1', '手动', '2016-04-07', '我的', '15074485809', '1', null, '2016-04-07', '1', '2016-04-11', null, '2016-04-02', null, '我的', '2016-04-23 00:10:29', '0', '0', '0', '1');
INSERT INTO `car` VALUES ('105', '法拉利 , F1', '111', '法拉利', 'F1', '10', '小型车', '蓝色', 'zddzdd', '2', '1', '手动', '2016-04-07', '我的', '15074485809', '1', null, '2016-04-07', '1', '2016-04-11', null, '2016-04-02', null, '我的', '2016-04-23 00:10:35', '0', '0', '0', '1');
INSERT INTO `car` VALUES ('106', '兰博基尼 , L1', '111', '兰博基尼', 'L1', '10', '小型车', '蓝色', 'zddzdd', '2', '1', '手动', '2016-04-07', '我的', '15074485809', '1', null, '2016-04-07', '1', '2016-04-11', null, '2016-04-02', null, '我的', '2016-04-23 00:10:45', '0', '0', '0', '1');
INSERT INTO `car` VALUES ('107', '捷豹 , J1', '111', '捷豹', 'J1', '10', '小型车', '蓝色', 'zddzdd', '2', '1', '手动', '2016-04-07', '我的', '15074485809', '1', null, '2016-04-07', '1', '2016-04-11', null, '2016-04-02', null, '我的', '2016-04-23 00:10:49', '0', '0', '0', '1');
INSERT INTO `car` VALUES ('108', '奇瑞 , Q1', '111', '奇瑞', 'Q1', '10', '小型车', '蓝色', 'zddzdd', '2', '1', '手动', '2016-04-07', '我的', '15074485809', '1', null, '2016-04-07', '1', '2016-04-11', null, '2016-04-02', null, '我的', '2016-04-23 00:10:53', '0', '0', '0', '1');
INSERT INTO `car` VALUES ('109', '奥迪 , A8', '111', '奥迪', 'A8', '10', '小型车', '蓝色', 'zddzdd', '2', '1', '手动', '2016-04-07', '我的', '15074485809', '1', null, '2016-04-07', '1', '2016-04-11', null, '2016-04-02', null, '我的', '2016-04-23 00:10:58', '0', '0', '0', '1');
INSERT INTO `car` VALUES ('110', '保时捷 , B2', '111', '保时捷', 'B2', '10', '小型车', '蓝色', 'zddzdd', '2', '1', '手动', '2016-04-07', '我的', '15074485809', '1', null, '2016-04-07', '1', '2016-04-11', null, '2016-04-02', null, '我的', '2016-04-23 00:11:03', '0', '0', '0', '1');
INSERT INTO `car` VALUES ('111', '阿尔法·罗米欧 , A2', '111', '阿尔法·罗米欧', 'A2', '10', '小型车', '蓝色', 'zddzdd', '2', '1', '手动', '2016-04-07', '我的', '15074485809', '1', null, '2016-04-07', '1', '2016-04-11', null, '2016-04-02', null, '我的', '2016-04-23 00:11:09', '0', '0', '0', '1');
INSERT INTO `car` VALUES ('112', '兰博基尼 , L2', '111', '兰博基尼', 'L2', '10', '小型车', '蓝色', 'zddzdd', '2', '1', '手动', '2016-04-07', '我的', '15074485809', '1', null, '2016-04-07', '1', '2016-04-11', null, '2016-04-02', null, '我的', '2016-04-23 00:11:15', '0', '0', '0', '1');
INSERT INTO `car` VALUES ('113', '捷豹 , J2', '111', '捷豹', 'J2', '10', '小型车', '蓝色', 'zddzdd', '2', '1', '手动', '2016-04-07', '我的', '15074485809', '1', null, '2016-04-07', '1', '2016-04-11', null, '2016-04-02', null, '我的', '2016-04-23 00:11:20', '0', '0', '0', '1');
INSERT INTO `car` VALUES ('114', '奇瑞 , Q2', '111', '奇瑞', 'Q2', '10', '小型车', '蓝色', 'zddzdd', '2', '1', '手动', '2016-04-07', '我的', '15074485809', '1', null, '2016-04-07', '1', '2016-04-11', null, '2016-04-02', null, '我的', '2016-04-23 00:11:24', '0', '0', '0', '1');
INSERT INTO `car` VALUES ('115', '保时捷 , B2', '111', '保时捷', 'B2', '10', '小型车', '蓝色', 'zddzdd', '2', '1', '手动', '2016-04-07', '我的', '15074485809', '1', null, '2016-04-07', '1', '2016-04-11', null, '2016-04-02', null, '我的', '2016-04-23 00:11:29', '0', '0', '0', '1');
INSERT INTO `car` VALUES ('116', '法拉利 , F2', '111', '法拉利', 'F2', '10', '小型车', '蓝色', 'zddzdd', '2', '1', '手动', '2016-04-07', '我的', '15074485809', '1', null, '2016-04-07', '1', '2016-04-11', null, '2016-04-02', null, '我的', '2016-04-23 00:11:36', '1', '0', '0', '1');
INSERT INTO `car` VALUES ('117', '兰博基尼 , L2', '111', '兰博基尼', 'L2', '10', '小型车', '蓝色', 'zddzdd', '2', '1', '手动', '2016-04-07', '我的', '15074485809', '1', null, '2016-04-07', '1', '2016-04-11', null, '2016-04-02', null, '我的', '2016-04-23 00:11:41', '0', '0', '0', '1');
INSERT INTO `car` VALUES ('118', '奥迪 , A6', '111', '奥迪', 'A6', '10', '小型车', '蓝色', 'zddzdd', '2', '1', '手动', '2016-04-07', '我的', '15074485809', '1', null, '2016-04-07', '1', '2016-04-11', null, '2016-04-02', null, '我的', '2016-04-23 00:11:45', '0', '0', '0', '1');
INSERT INTO `car` VALUES ('119', '昌河 , C1', '111', '昌河', 'C1', '10', '小型车', '蓝色', 'zddzdd', '2', '1', '手动', '2016-04-07', '我的', '15074485809', '1', null, '2016-04-07', '1', '2016-04-11', null, '2016-04-02', null, '我的', '2016-04-23 00:11:50', '0', '0', '0', '1');
INSERT INTO `car` VALUES ('120', '奇瑞 , Q1', '111', '奇瑞', 'Q1', '10', '小型车', '蓝色', 'zddzdd', '2', '1', '手动', '2016-04-07', '我的', '15074485809', '1', null, '2016-04-07', '1', '2016-04-11', null, '2016-04-02', null, '我的', '2016-04-23 00:11:54', '0', '0', '0', '1');
INSERT INTO `car` VALUES ('121', '捷豹 , J2', '111', '捷豹', 'J2', '10', '小型车', '蓝色', 'zddzdd', '2', '1', '手动', '2016-04-07', '我的', '15074485809', '1', null, '2016-04-07', '1', '2016-04-11', null, '2016-04-02', null, '我的', '2016-04-23 00:11:59', '1', '0', '0', '1');
INSERT INTO `car` VALUES ('122', '法拉利 , F2', '111', '法拉利', 'F2', '10', '小型车', '蓝色', 'zddzdd', '2', '1', '手动', '2016-04-07', '我的', '15074485809', '1', null, '2016-04-07', '1', '2016-04-11', null, '2016-04-02', null, '我的', '2016-04-23 00:12:03', '0', '0', '0', '1');
INSERT INTO `car` VALUES ('123', '兰博基尼 , L2', '111', '兰博基尼', 'L2', '10', '小型车', '蓝色', 'zddzdd', '2', '1', '手动', '2016-04-07', '我的', '15074485809', '1', null, '2016-04-07', '1', '2016-04-11', null, '2016-04-02', null, '我的', '2016-04-23 00:12:08', '0', '0', '0', '1');
INSERT INTO `car` VALUES ('124', '昌河 , C2', '111', '昌河', 'C2', '10', '小型车', '蓝色', 'zddzdd', '2', '1', '手动', '2016-04-07', '我的', '15074485809', '1', null, '2016-04-07', '1', '2016-04-11', null, '2016-04-02', null, '我的', '2016-04-23 00:12:15', '0', '0', '0', '1');
INSERT INTO `car` VALUES ('125', '阿尔法·罗米欧 , A2', '111', '阿尔法·罗米欧', 'A2', '10', '小型车', '蓝色', 'zddzdd', '2', '1', '手动', '2016-04-07', '我的', '15074485809', '1', null, '2016-04-07', '1', '2016-04-11', null, '2016-04-02', null, '我的', '2016-04-23 00:12:19', '0', '0', '0', '1');
INSERT INTO `car` VALUES ('126', '昌河 , C1', '111', '昌河', 'C1', '10', '小型车', '蓝色', 'zddzdd', '2', '1', '手动', '2016-04-07', '我的', '15074485809', '1', null, '2016-04-07', '1', '2016-04-11', null, '2016-04-02', null, '我的', '2016-04-23 00:12:23', '0', '0', '0', '1');
INSERT INTO `car` VALUES ('127', '阿尔法·罗米欧 , A1', '111', '阿尔法·罗米欧', 'A1', '10', '小型车', '蓝色', 'zddzdd', '2', '1', '手动', '2016-04-07', '我的', '15074485809', '1', null, '2016-04-07', '1', '2016-04-11', null, '2016-04-02', null, '我的', '2016-04-23 00:12:28', '0', '0', '0', '1');
INSERT INTO `car` VALUES ('128', '法拉利 , F1', '111', '法拉利', 'F1', '10', '小型车', '蓝色', 'zddzdd', '2', '1', '手动', '2016-04-07', '我的', '15074485809', '1', null, '2016-04-07', '1', '2016-04-11', null, '2016-04-02', null, '我的', '2016-04-23 00:12:31', '0', '0', '0', '1');
INSERT INTO `car` VALUES ('129', '法拉利 , ', '111', '法拉利', '', '10', '小型车', '蓝色', 'zddzdd', '2', '1', '手动', '2016-04-07', '我的', '15074485809', '1', null, '2016-04-07', '1', '2016-04-11', null, '2016-04-02', null, '我的', '2016-04-23 00:12:32', '1', '0', '0', '1');
INSERT INTO `car` VALUES ('130', '法拉利 , ', '111', '法拉利', '', '10', '小型车', '蓝色', 'zddzdd', '2', '1', '手动', '2016-04-07', '我的', '15074485809', '1', null, '2016-04-07', '1', '2016-04-11', null, '2016-04-02', null, '我的', '2016-04-23 00:12:33', '1', '0', '0', '1');
INSERT INTO `car` VALUES ('131', '兰博基尼 , L1', '111', '兰博基尼', 'L1', '10', '小型车', '蓝色', 'zddzdd', '2', '1', '手动', '2016-04-07', '我的', '15074485809', '1', null, '2016-04-07', '1', '2016-04-11', null, '2016-04-02', null, '我的', '2016-04-23 00:12:37', '0', '0', '0', '1');
INSERT INTO `car` VALUES ('132', '兰博基尼 , ', '111', '兰博基尼', '', '10', '小型车', '蓝色', 'zddzdd', '2', '1', '手动', '2016-04-07', '我的', '15074485809', '1', null, '2016-04-07', '1', '2016-04-11', null, '2016-04-02', null, '我的', '2016-04-23 00:12:38', '0', '0', '0', '1');
INSERT INTO `car` VALUES ('133', '兰博基尼 , ', '111', '兰博基尼', '', '10', '小型车', '蓝色', 'zddzdd', '2', '1', '手动', '2016-04-07', '我的', '15074485809', '1', null, '2016-04-07', '1', '2016-04-11', null, '2016-04-02', null, '我的', '2016-04-23 00:12:39', '0', '0', '0', '1');
INSERT INTO `car` VALUES ('134', '捷豹 , J2', '111', '捷豹', 'J2', '10', '小型车', '蓝色', 'zddzdd', '2', '1', '手动', '2016-04-07', '我的', '15074485809', '1', null, '2016-04-07', '1', '2016-04-11', null, '2016-04-02', null, '我的', '2016-04-23 00:12:44', '0', '0', '0', '1');
INSERT INTO `car` VALUES ('135', '捷豹 , ', '111', '捷豹', '', '10', '小型车', '蓝色', 'zddzdd', '2', '1', '手动', '2016-04-07', '我的', '15074485809', '1', null, '2016-04-07', '1', '2016-04-11', null, '2016-04-02', null, '我的', '2016-04-23 00:12:45', '0', '0', '0', '1');
INSERT INTO `car` VALUES ('136', '捷豹 , ', '111', '捷豹', '', '10', '小型车', '蓝色', 'zddzdd', '2', '1', '手动', '2016-04-07', '我的', '15074485809', '1', null, '2016-04-07', '1', '2016-04-11', null, '2016-04-02', null, '我的', '2016-04-23 00:12:46', '0', '0', '0', '1');
INSERT INTO `car` VALUES ('137', '昌河 , C1', '111', '昌河', 'C1', '3', '小型车', '蓝色', 'zddzdd', '2', '1', '手动', '2016-04-07', '我的', '15074485809', '1', null, '2016-04-07', '1', '2016-04-11', null, '2016-04-02', null, '我的', '2016-04-23 00:18:59', '0', '0', '0', '1');
INSERT INTO `car` VALUES ('138', '昌河 , ', '111', '昌河', '', '3', '小型车', '蓝色', 'zddzdd', '2', '1', '手动', '2016-04-07', '我的', '15074485809', '1', null, '2016-04-07', '1', '2016-04-11', null, '2016-04-02', null, '我的', '2016-04-23 00:19:03', '0', '0', '0', '1');
INSERT INTO `car` VALUES ('139', '昌河 , ', '111', '昌河', '', '3', '小型车', '蓝色', 'zddzdd', '2', '1', '手动', '2016-04-07', '我的', '15074485809', '1', null, '2016-04-07', '1', '2016-04-11', null, '2016-04-02', null, '我的', '2016-04-23 00:19:05', '0', '0', '0', '1');
INSERT INTO `car` VALUES ('140', '昌河 , ', '111', '昌河', '', '3', '小型车', '蓝色', 'zddzdd', '2', '1', '手动', '2016-04-07', '我的', '15074485809', '1', null, '2016-04-07', '1', '2016-04-11', null, '2016-04-02', null, '我的', '2016-04-23 00:19:06', '0', '0', '0', '1');
INSERT INTO `car` VALUES ('141', '兰博基尼 , L1', '111', '兰博基尼', 'L1', '3', '小型车', '蓝色', 'zddzdd', '2', '1', '手动', '2016-04-07', '我的', '15074485809', '1', null, '2016-04-07', '1', '2016-04-11', null, '2016-04-02', null, '我的', '2016-04-23 00:19:12', '0', '0', '0', '1');
INSERT INTO `car` VALUES ('142', '保时捷 , B1', '111', '保时捷', 'B1', '3', '小型车', '蓝色', 'zddzdd', '2', '1', '手动', '2016-04-07', '我的', '15074485809', '1', null, '2016-04-07', '1', '2016-04-11', null, '2016-04-02', null, '我的', '2016-04-23 00:19:16', '0', '0', '0', '1');
INSERT INTO `car` VALUES ('143', '捷豹 , J1', '111', '捷豹', 'J1', '3', '小型车', '蓝色', 'zddzdd', '2', '1', '手动', '2016-04-07', '我的', '15074485809', '1', null, '2016-04-07', '1', '2016-04-11', null, '2016-04-02', null, '我的', '2016-04-23 00:19:19', '0', '0', '0', '1');
INSERT INTO `car` VALUES ('144', '昌河 , C1', '111', '昌河', 'C1', '3', '小型车', '蓝色', 'zddzdd', '2', '1', '手动', '2016-04-07', '我的', '15074485809', '1', null, '2016-04-07', '1', '2016-04-11', null, '2016-04-02', null, '我的', '2016-04-23 00:19:23', '0', '0', '0', '1');
INSERT INTO `car` VALUES ('145', '昌河 , ', '111', '昌河', '', '3', '小型车', '蓝色', 'zddzdd', '2', '1', '手动', '2016-04-07', '我的', '15074485809', '1', null, '2016-04-07', '1', '2016-04-11', null, '2016-04-02', null, '我的', '2016-04-23 00:19:26', '0', '0', '0', '1');
INSERT INTO `car` VALUES ('146', '保时捷 , B1', '111', '保时捷', 'B1', '3', '小型车', '蓝色', 'zddzdd', '2', '1', '手动', '2016-04-07', '我的', '15074485809', '1', null, '2016-04-07', '1', '2016-04-11', null, '2016-04-02', null, '我的', '2016-04-23 00:19:30', '0', '0', '0', '1');
INSERT INTO `car` VALUES ('147', '捷豹 , J1', '111', '捷豹', 'J1', '3', '小型车', '蓝色', 'zddzdd', '2', '1', '手动', '2016-04-07', '我的', '15074485809', '1', null, '2016-04-07', '1', '2016-04-11', null, '2016-04-02', null, '我的', '2016-04-23 00:19:33', '0', '0', '0', '1');
INSERT INTO `car` VALUES ('148', '奥迪 , A4', '111', '奥迪', 'A4', '3', '小型车', '蓝色', 'zddzdd', '2', '1', '手动', '2016-04-07', '我的', '15074485809', '1', null, '2016-04-07', '1', '2016-04-11', null, '2016-04-02', null, '我的', '2016-04-23 00:19:37', '0', '0', '0', '1');
INSERT INTO `car` VALUES ('149', '捷豹 , J1', '111', '捷豹', 'J1', '3', '小型车', '蓝色', 'zddzdd', '2', '1', '手动', '2016-04-07', '我的', '15074485809', '1', null, '2016-04-07', '1', '2016-04-11', null, '2016-04-02', null, '我的', '2016-04-23 00:19:40', '0', '0', '0', '1');
INSERT INTO `car` VALUES ('150', '法拉利 , F1', '111', '法拉利', 'F1', '3', '小型车', '蓝色', 'zddzdd', '2', '1', '手动', '2016-04-07', '我的', '15074485809', '1', null, '2016-04-07', '1', '2016-04-11', null, '2016-04-02', null, '我的', '2016-04-23 00:19:44', '0', '0', '0', '1');
INSERT INTO `car` VALUES ('151', '奇瑞 , Q1', '111', '奇瑞', 'Q1', '3', '小型车', '蓝色', 'zddzdd', '2', '1', '手动', '2016-04-07', '我的', '15074485809', '1', null, '2016-04-07', '1', '2016-04-11', null, '2016-04-02', null, '我的', '2016-04-23 00:19:48', '0', '0', '0', '1');
INSERT INTO `car` VALUES ('152', '兰博基尼 , L1', '111', '兰博基尼', 'L1', '3', '小型车', '蓝色', 'zddzdd', '2', '1', '手动', '2016-04-07', '我的', '15074485809', '1', null, '2016-04-07', '1', '2016-04-11', null, '2016-04-02', null, '我的', '2016-04-23 00:19:51', '0', '0', '0', '1');
INSERT INTO `car` VALUES ('153', '奇瑞 , Q1', '111', '奇瑞', 'Q1', '3', '小型车', '蓝色', 'zddzdd', '2', '1', '手动', '2016-04-07', '我的', '15074485809', '1', null, '2016-04-07', '1', '2016-04-11', null, '2016-04-02', null, '我的', '2016-04-23 00:19:55', '0', '0', '0', '1');
INSERT INTO `car` VALUES ('154', '奥迪 , A4', '111', '奥迪', 'A4', '3', '小型车', '蓝色', 'zddzdd', '2', '1', '手动', '2016-04-07', '我的', '15074485809', '1', null, '2016-04-07', '1', '2016-04-11', null, '2016-04-02', null, '我的', '2016-04-23 00:19:57', '0', '0', '0', '1');
INSERT INTO `car` VALUES ('155', '法拉利 , F1', '111', '法拉利', 'F1', '3', '小型车', '蓝色', 'zddzdd', '2', '1', '手动', '2016-04-07', '我的', '15074485809', '1', null, '2016-04-07', '1', '2016-04-11', null, '2016-04-02', null, '我的', '2016-04-23 00:20:01', '0', '0', '0', '1');
INSERT INTO `car` VALUES ('156', '保时捷 , B1', '111', '保时捷', 'B1', '3', '小型车', '蓝色', 'zddzdd', '2', '1', '手动', '2016-04-07', '我的', '15074485809', '1', null, '2016-04-07', '1', '2016-04-11', null, '2016-04-02', null, '我的', '2016-04-23 00:20:04', '1', '0', '0', '1');
INSERT INTO `car` VALUES ('157', '奇瑞 , Q1', '111', '奇瑞', 'Q1', '3', '小型车', '蓝色', 'zddzdd', '2', '1', '手动', '2016-04-07', '我的', '15074485809', '1', null, '2016-04-07', '1', '2016-04-11', null, '2016-04-02', null, '我的', '2016-04-23 00:20:07', '0', '0', '0', '1');
INSERT INTO `car` VALUES ('158', '法拉利 , F1', '111', '法拉利', 'F1', '3', '小型车', '蓝色', 'zddzdd', '2', '1', '手动', '2016-04-07', '我的', '15074485809', '1', null, '2016-04-07', '1', '2016-04-11', null, '2016-04-02', null, '我的', '2016-04-23 00:20:10', '0', '0', '0', '1');
INSERT INTO `car` VALUES ('159', '保时捷 , B1', '111', '保时捷', 'B1', '3', '小型车', '蓝色', 'zddzdd', '2', '1', '手动', '2016-04-07', '我的', '15074485809', '1', null, '2016-04-07', '1', '2016-04-11', null, '2016-04-02', null, '我的', '2016-04-23 00:20:14', '0', '0', '0', '1');
INSERT INTO `car` VALUES ('160', '昌河 , C1', '231', '昌河', 'C1', '55', '豪华车', '橙色', 'zddzdd', '4', '2', '手自一体', '2016-04-11', '我啊', '12345678911', '2', null, '2016-04-15', '2', '2016-04-19', null, '2016-04-20', null, '好累', '2016-04-23 00:22:33', '0', '0', '0', '1');
INSERT INTO `car` VALUES ('161', '阿尔法·罗米欧 , A1', '231', '阿尔法·罗米欧', 'A1', '55', '豪华车', '橙色', 'zddzdd', '4', '2', '手自一体', '2016-04-11', '我啊', '12345678911', '2', null, '2016-04-15', '2', '2016-04-19', null, '2016-04-20', null, '好累', '2016-04-23 00:22:38', '0', '0', '0', '1');
INSERT INTO `car` VALUES ('162', '法拉利 , F1', '231', '法拉利', 'F1', '55', '豪华车', '橙色', 'zddzdd', '4', '2', '手自一体', '2016-04-11', '我啊', '12345678911', '2', null, '2016-04-15', '2', '2016-04-19', null, '2016-04-20', null, '好累', '2016-04-23 00:22:41', '1', '0', '0', '1');
INSERT INTO `car` VALUES ('163', '昌河 , C1', '231', '昌河', 'C1', '55', '豪华车', '橙色', 'zddzdd', '4', '2', '手自一体', '2016-04-11', '我啊', '12345678911', '2', null, '2016-04-15', '2', '2016-04-19', null, '2016-04-20', null, '好累', '2016-04-23 00:22:44', '0', '0', '0', '1');
INSERT INTO `car` VALUES ('164', '捷豹 , J1', '231', '捷豹', 'J1', '55', '豪华车', '橙色', 'zddzdd', '4', '2', '手自一体', '2016-04-11', '我啊', '12345678911', '2', null, '2016-04-15', '2', '2016-04-19', null, '2016-04-20', null, '好累', '2016-04-23 00:22:47', '0', '0', '0', '1');
INSERT INTO `car` VALUES ('165', '奥迪 , A4', '231', '奥迪', 'A4', '55', '豪华车', '橙色', 'zddzdd', '4', '2', '手自一体', '2016-04-11', '我啊', '12345678911', '2', null, '2016-04-15', '2', '2016-04-19', null, '2016-04-20', null, '好累', '2016-04-23 00:22:51', '0', '0', '0', '1');
INSERT INTO `car` VALUES ('166', '奇瑞 , Q1', '231', '奇瑞', 'Q1', '55', '豪华车', '橙色', 'zddzdd', '4', '2', '手自一体', '2016-04-11', '我啊', '12345678911', '2', null, '2016-04-15', '2', '2016-04-19', null, '2016-04-20', null, '好累', '2016-04-23 00:22:53', '0', '0', '0', '1');
INSERT INTO `car` VALUES ('167', '保时捷 , B1', '231', '保时捷', 'B1', '55', '豪华车', '橙色', 'zddzdd', '4', '2', '手自一体', '2016-04-11', '我啊', '12345678911', '2', null, '2016-04-15', '2', '2016-04-19', null, '2016-04-20', null, '好累', '2016-04-23 00:22:56', '0', '0', '0', '1');
INSERT INTO `car` VALUES ('168', '法拉利 , F1', '231', '法拉利', 'F1', '55', '豪华车', '橙色', 'zddzdd', '4', '2', '手自一体', '2016-04-11', '我啊', '12345678911', '2', null, '2016-04-15', '2', '2016-04-19', null, '2016-04-20', null, '好累', '2016-04-23 00:22:59', '0', '0', '0', '1');
INSERT INTO `car` VALUES ('169', '昌河 , C1', '231', '昌河', 'C1', '55', '豪华车', '橙色', 'zddzdd', '4', '2', '手自一体', '2016-04-11', '我啊', '12345678911', '2', null, '2016-04-15', '2', '2016-04-19', null, '2016-04-20', null, '好累', '2016-04-23 00:23:02', '0', '0', '0', '1');
INSERT INTO `car` VALUES ('170', '捷豹 , J1', '231', '捷豹', 'J1', '55', '豪华车', '橙色', 'zddzdd', '4', '2', '手自一体', '2016-04-11', '我啊', '12345678911', '2', null, '2016-04-15', '2', '2016-04-19', null, '2016-04-20', null, '好累', '2016-04-23 00:23:06', '0', '0', '0', '1');
INSERT INTO `car` VALUES ('171', '奥迪 , A4', '231', '奥迪', 'A4', '55', '豪华车', '橙色', 'zddzdd', '4', '2', '手自一体', '2016-04-11', '我啊', '12345678911', '2', null, '2016-04-15', '2', '2016-04-19', null, '2016-04-20', null, '好累', '2016-04-23 00:23:10', '0', '0', '0', '1');
INSERT INTO `car` VALUES ('172', '保时捷 , B1', '231', '保时捷', 'B1', '55', '豪华车', '橙色', 'zddzdd', '4', '2', '手自一体', '2016-04-11', '我啊', '12345678911', '2', null, '2016-04-15', '2', '2016-04-19', null, '2016-04-20', null, '好累', '2016-04-23 00:23:13', '0', '0', '0', '1');
INSERT INTO `car` VALUES ('173', '捷豹 , J1', '231', '捷豹', 'J1', '55', '豪华车', '橙色', 'zddzdd', '4', '2', '手自一体', '2016-04-11', '我啊', '12345678911', '2', null, '2016-04-15', '2', '2016-04-19', null, '2016-04-20', null, '好累', '2016-04-23 00:23:16', '0', '0', '0', '1');
INSERT INTO `car` VALUES ('174', '阿尔法·罗米欧 , A1', '231', '阿尔法·罗米欧', 'A1', '55', '豪华车', '橙色', 'zddzdd', '4', '2', '手自一体', '2016-04-11', '我啊', '12345678911', '2', null, '2016-04-15', '2', '2016-04-19', null, '2016-04-20', null, '好累', '2016-04-23 00:23:19', '0', '0', '0', '1');
INSERT INTO `car` VALUES ('175', '法拉利 , F1', '231', '法拉利', 'F1', '55', '豪华车', '橙色', 'zddzdd', '4', '2', '手自一体', '2016-04-11', '我啊', '12345678911', '2', null, '2016-04-15', '2', '2016-04-19', null, '2016-04-20', null, '好累', '2016-04-23 00:23:22', '0', '0', '0', '1');
INSERT INTO `car` VALUES ('176', '阿尔法·罗米欧 , A1', '231', '阿尔法·罗米欧', 'A1', '55', '豪华车', '橙色', 'zddzdd', '4', '2', '手自一体', '2016-04-11', '我啊', '12345678911', '2', null, '2016-04-15', '2', '2016-04-19', null, '2016-04-20', null, '好累', '2016-04-23 00:23:26', '0', '0', '0', '1');
INSERT INTO `car` VALUES ('177', '兰博基尼 , L1', '231', '兰博基尼', 'L1', '55', '豪华车', '橙色', 'zddzdd', '4', '2', '手自一体', '2016-04-11', '我啊', '12345678911', '2', null, '2016-04-15', '2', '2016-04-19', null, '2016-04-20', null, '好累', '2016-04-23 00:23:29', '0', '0', '0', '1');
INSERT INTO `car` VALUES ('178', '阿尔法·罗米欧 , A1', '231', '阿尔法·罗米欧', 'A1', '55', '豪华车', '橙色', 'zddzdd', '4', '2', '手自一体', '2016-04-11', '我啊', '12345678911', '2', null, '2016-04-15', '2', '2016-04-19', null, '2016-04-20', null, '好累', '2016-04-23 00:23:33', '0', '0', '0', '1');
INSERT INTO `car` VALUES ('179', '兰博基尼 , L1', '231', '兰博基尼', 'L1', '55', '豪华车', '橙色', 'zddzdd', '4', '2', '手自一体', '2016-04-11', '我啊', '12345678911', '2', null, '2016-04-15', '2', '2016-04-19', null, '2016-04-20', null, '好累', '2016-04-23 00:23:36', '0', '0', '0', '1');
INSERT INTO `car` VALUES ('180', '捷豹 , J1', '231', '捷豹', 'J1', '55', '豪华车', '橙色', 'zddzdd', '4', '2', '手自一体', '2016-04-11', '我啊', '12345678911', '2', null, '2016-04-15', '2', '2016-04-19', null, '2016-04-20', null, '好累', '2016-04-23 00:23:39', '0', '0', '0', '1');
INSERT INTO `car` VALUES ('181', '昌河 , C1', '231', '昌河', 'C1', '55', '豪华车', '橙色', 'zddzdd', '4', '2', '手自一体', '2016-04-11', '我啊', '12345678911', '2', null, '2016-04-15', '2', '2016-04-19', null, '2016-04-20', null, '好累', '2016-04-23 00:23:43', '0', '0', '0', '1');
INSERT INTO `car` VALUES ('182', '阿尔法·罗米欧 , A1', '231', '阿尔法·罗米欧', 'A1', '55', '豪华车', '橙色', 'zddzdd', '4', '2', '手自一体', '2016-04-11', '我啊', '12345678911', '2', null, '2016-04-15', '2', '2016-04-19', null, '2016-04-20', null, '好累', '2016-04-23 00:23:46', '0', '0', '0', '1');
INSERT INTO `car` VALUES ('183', '捷豹 , J1', '231', '捷豹', 'J1', '55', '豪华车', '橙色', 'zddzdd', '4', '2', '手自一体', '2016-04-11', '我啊', '12345678911', '2', null, '2016-04-15', '2', '2016-04-19', null, '2016-04-20', null, '好累', '2016-04-23 00:23:49', '0', '0', '0', '1');
INSERT INTO `car` VALUES ('184', '保时捷 , B1', '231', '保时捷', 'B1', '55', '豪华车', '橙色', 'zddzdd', '4', '2', '手自一体', '2016-04-11', '我啊', '12345678911', '2', null, '2016-04-15', '2', '2016-04-19', null, '2016-04-20', null, '好累', '2016-04-23 00:23:53', '0', '0', '0', '1');
INSERT INTO `car` VALUES ('185', '奥迪 , A4', '231', '奥迪', 'A4', '55', '豪华车', '橙色', 'zddzdd', '4', '2', '手自一体', '2016-04-11', '我啊', '12345678911', '2', null, '2016-04-15', '2', '2016-04-19', null, '2016-04-20', null, '好累', '2016-04-23 00:23:56', '0', '0', '0', '1');
INSERT INTO `car` VALUES ('186', '兰博基尼 , L1', '231', '兰博基尼', 'L1', '55', '豪华车', '橙色', 'zddzdd', '4', '2', '手自一体', '2016-04-11', '我啊', '12345678911', '2', null, '2016-04-15', '2', '2016-04-19', null, '2016-04-20', null, '好累', '2016-04-23 00:24:00', '0', '0', '0', '1');
INSERT INTO `car` VALUES ('187', '昌河 , C1', '231', '昌河', 'C1', '55', '豪华车', '橙色', 'zddzdd', '4', '2', '手自一体', '2016-04-11', '我啊', '12345678911', '2', null, '2016-04-15', '2', '2016-04-19', null, '2016-04-20', null, '好累', '2016-04-23 00:24:04', '0', '0', '0', '1');
INSERT INTO `car` VALUES ('188', '昌河 , ', '231', '昌河', '', '55', '豪华车', '橙色', 'zddzdd', '4', '2', '手自一体', '2016-04-11', '我啊', '12345678911', '2', null, '2016-04-15', '2', '2016-04-19', null, '2016-04-20', null, '好累', '2016-04-23 00:24:08', '0', '0', '0', '1');
INSERT INTO `car` VALUES ('189', '保时捷 , B1', '231', '保时捷', 'B1', '55', '豪华车', '橙色', 'zddzdd', '4', '2', '手自一体', '2016-04-11', '我啊', '12345678911', '2', null, '2016-04-15', '2', '2016-04-19', null, '2016-04-20', null, '好累', '2016-04-23 00:24:11', '0', '0', '0', '1');
INSERT INTO `car` VALUES ('190', '保时捷 , ', '231', '保时捷', '', '55', '豪华车', '橙色', 'zddzdd', '4', '2', '手自一体', '2016-04-11', '我啊', '12345678911', '2', null, '2016-04-15', '2', '2016-04-19', null, '2016-04-20', null, '好累', '2016-04-23 00:24:16', '2', '0', '0', '1');
INSERT INTO `car` VALUES ('192', '奥迪 , A4', '1', '奥迪', 'A4', '11', '豪华车', '其他', 'zddzdd', '1', '1', '手自一体', '2016-04-06', '123', '3123', '1', null, '2016-04-06', '1', '2016-04-13', null, '2016-04-06', null, '1', '2016-04-23 09:40:37', '1', '0', '0', '1');
INSERT INTO `car` VALUES ('193', '奥迪 , A4', '11', '奥迪', 'A4', '11', '豪华车', '其他', 'zddzdd', '1', '1', '手自一体', '2016-04-13', '123', '123', '1', null, '2016-04-08', '1', '2016-04-13', null, '2016-04-07', null, '1231', '2016-04-23 10:53:50', '1', '0', '0', '1');

-- ----------------------------
-- Table structure for `carimg`
-- ----------------------------
DROP TABLE IF EXISTS `carimg`;
CREATE TABLE `carimg` (
  `id` int(11) NOT NULL AUTO_INCREMENT,
  `carid` int(11) NOT NULL,
  `carimgurl` varchar(255) NOT NULL,
  `fengmian` int(11) NOT NULL,
  PRIMARY KEY (`id`)
) ENGINE=InnoDB AUTO_INCREMENT=570 DEFAULT CHARSET=utf8;

-- ----------------------------
-- Records of carimg
-- ----------------------------
INSERT INTO `carimg` VALUES ('69', '100', '146134112119014569220761151295091_123914640320_2.jpg', '0');
INSERT INTO `carimg` VALUES ('70', '100', '146134112119314569220762794752803_210321000196_2.jpg', '1');
INSERT INTO `carimg` VALUES ('71', '100', '146134112119714569220763374752803_210430061441_2.jpg', '2');
INSERT INTO `carimg` VALUES ('72', '100', '146134112121314569220764718821914_104949466000_2.jpg', '3');
INSERT INTO `carimg` VALUES ('73', '100', '146134112121714569263388894752803_210321000196_2.jpg', '4');
INSERT INTO `carimg` VALUES ('74', '101', '146134133142514569220761151295091_123914640320_2.jpg', '0');
INSERT INTO `carimg` VALUES ('75', '101', '146134133142914569220762794752803_210321000196_2.jpg', '1');
INSERT INTO `carimg` VALUES ('76', '101', '146134133143214569220763374752803_210430061441_2.jpg', '2');
INSERT INTO `carimg` VALUES ('77', '101', '146134133143614569220764718821914_104949466000_2.jpg', '3');
INSERT INTO `carimg` VALUES ('78', '101', '146134133143914569263388361295091_123914640320_2.jpg', '4');
INSERT INTO `carimg` VALUES ('79', '101', '146134133144214569263388894752803_210321000196_2.jpg', '5');
INSERT INTO `carimg` VALUES ('80', '102', '146134141973014569220761151295091_123914640320_2.jpg', '0');
INSERT INTO `carimg` VALUES ('81', '102', '146134141973414569220762794752803_210321000196_2.jpg', '1');
INSERT INTO `carimg` VALUES ('82', '102', '146134141973714569220763374752803_210430061441_2.jpg', '2');
INSERT INTO `carimg` VALUES ('83', '102', '146134141974014569220764718821914_104949466000_2.jpg', '3');
INSERT INTO `carimg` VALUES ('84', '102', '146134141974414569263388361295091_123914640320_2.jpg', '4');
INSERT INTO `carimg` VALUES ('85', '102', '146134141974814569263388894752803_210321000196_2.jpg', '5');
INSERT INTO `carimg` VALUES ('86', '103', '146134142508714569220761151295091_123914640320_2.jpg', '0');
INSERT INTO `carimg` VALUES ('87', '103', '146134142509114569220762794752803_210321000196_2.jpg', '1');
INSERT INTO `carimg` VALUES ('88', '103', '146134142509414569220763374752803_210430061441_2.jpg', '2');
INSERT INTO `carimg` VALUES ('89', '103', '146134142509714569220764718821914_104949466000_2.jpg', '3');
INSERT INTO `carimg` VALUES ('90', '103', '146134142510314569263388361295091_123914640320_2.jpg', '4');
INSERT INTO `carimg` VALUES ('91', '103', '146134142510614569263388894752803_210321000196_2.jpg', '5');
INSERT INTO `carimg` VALUES ('92', '104', '146134142970914569220761151295091_123914640320_2.jpg', '0');
INSERT INTO `carimg` VALUES ('93', '104', '146134142971314569220762794752803_210321000196_2.jpg', '1');
INSERT INTO `carimg` VALUES ('94', '104', '146134142975614569220763374752803_210430061441_2.jpg', '2');
INSERT INTO `carimg` VALUES ('95', '104', '146134142976014569220764718821914_104949466000_2.jpg', '3');
INSERT INTO `carimg` VALUES ('96', '104', '146134142976414569263388361295091_123914640320_2.jpg', '4');
INSERT INTO `carimg` VALUES ('97', '104', '146134142976714569263388894752803_210321000196_2.jpg', '5');
INSERT INTO `carimg` VALUES ('98', '105', '146134143529014569220761151295091_123914640320_2.jpg', '0');
INSERT INTO `carimg` VALUES ('99', '105', '146134143529314569220762794752803_210321000196_2.jpg', '1');
INSERT INTO `carimg` VALUES ('100', '105', '146134143529614569220763374752803_210430061441_2.jpg', '2');
INSERT INTO `carimg` VALUES ('101', '105', '146134143530014569220764718821914_104949466000_2.jpg', '3');
INSERT INTO `carimg` VALUES ('102', '105', '146134143530314569263388361295091_123914640320_2.jpg', '4');
INSERT INTO `carimg` VALUES ('103', '105', '146134143530714569263388894752803_210321000196_2.jpg', '5');
INSERT INTO `carimg` VALUES ('104', '106', '146134144533314569220761151295091_123914640320_2.jpg', '0');
INSERT INTO `carimg` VALUES ('105', '106', '146134144536214569220762794752803_210321000196_2.jpg', '1');
INSERT INTO `carimg` VALUES ('106', '106', '146134144536514569220763374752803_210430061441_2.jpg', '2');
INSERT INTO `carimg` VALUES ('107', '106', '146134144538614569220764718821914_104949466000_2.jpg', '3');
INSERT INTO `carimg` VALUES ('108', '106', '146134144539014569263388361295091_123914640320_2.jpg', '4');
INSERT INTO `carimg` VALUES ('109', '106', '146134144539414569263388894752803_210321000196_2.jpg', '5');
INSERT INTO `carimg` VALUES ('110', '107', '146134144964114569220761151295091_123914640320_2.jpg', '0');
INSERT INTO `carimg` VALUES ('111', '107', '146134144964614569220762794752803_210321000196_2.jpg', '1');
INSERT INTO `carimg` VALUES ('112', '107', '146134144964914569220763374752803_210430061441_2.jpg', '2');
INSERT INTO `carimg` VALUES ('113', '107', '146134144965114569220764718821914_104949466000_2.jpg', '3');
INSERT INTO `carimg` VALUES ('114', '107', '146134144965514569263388361295091_123914640320_2.jpg', '4');
INSERT INTO `carimg` VALUES ('115', '107', '146134144965814569263388894752803_210321000196_2.jpg', '5');
INSERT INTO `carimg` VALUES ('116', '108', '146134145327214569220761151295091_123914640320_2.jpg', '0');
INSERT INTO `carimg` VALUES ('117', '108', '146134145327714569220762794752803_210321000196_2.jpg', '1');
INSERT INTO `carimg` VALUES ('118', '108', '146134145328114569220763374752803_210430061441_2.jpg', '2');
INSERT INTO `carimg` VALUES ('119', '108', '146134145328514569220764718821914_104949466000_2.jpg', '3');
INSERT INTO `carimg` VALUES ('120', '108', '146134145329014569263388361295091_123914640320_2.jpg', '4');
INSERT INTO `carimg` VALUES ('121', '108', '146134145329414569263388894752803_210321000196_2.jpg', '5');
INSERT INTO `carimg` VALUES ('122', '109', '146134145841214569220761151295091_123914640320_2.jpg', '0');
INSERT INTO `carimg` VALUES ('123', '109', '146134145841814569220762794752803_210321000196_2.jpg', '1');
INSERT INTO `carimg` VALUES ('124', '109', '146134145842314569220763374752803_210430061441_2.jpg', '2');
INSERT INTO `carimg` VALUES ('125', '109', '146134145842814569220764718821914_104949466000_2.jpg', '3');
INSERT INTO `carimg` VALUES ('126', '109', '146134145843214569263388361295091_123914640320_2.jpg', '4');
INSERT INTO `carimg` VALUES ('127', '109', '146134145843414569263388894752803_210321000196_2.jpg', '5');
INSERT INTO `carimg` VALUES ('128', '110', '146134146328914569220761151295091_123914640320_2.jpg', '0');
INSERT INTO `carimg` VALUES ('129', '110', '146134146329214569220762794752803_210321000196_2.jpg', '1');
INSERT INTO `carimg` VALUES ('130', '110', '146134146329614569220763374752803_210430061441_2.jpg', '2');
INSERT INTO `carimg` VALUES ('131', '110', '146134146329914569220764718821914_104949466000_2.jpg', '3');
INSERT INTO `carimg` VALUES ('132', '110', '146134146330214569263388361295091_123914640320_2.jpg', '4');
INSERT INTO `carimg` VALUES ('133', '110', '146134146330714569263388894752803_210321000196_2.jpg', '5');
INSERT INTO `carimg` VALUES ('134', '111', '146134146947714569220761151295091_123914640320_2.jpg', '0');
INSERT INTO `carimg` VALUES ('135', '111', '146134146948114569220762794752803_210321000196_2.jpg', '1');
INSERT INTO `carimg` VALUES ('136', '111', '146134146948514569220763374752803_210430061441_2.jpg', '2');
INSERT INTO `carimg` VALUES ('137', '111', '146134146948814569220764718821914_104949466000_2.jpg', '3');
INSERT INTO `carimg` VALUES ('138', '111', '146134146949314569263388361295091_123914640320_2.jpg', '4');
INSERT INTO `carimg` VALUES ('139', '111', '146134146949614569263388894752803_210321000196_2.jpg', '5');
INSERT INTO `carimg` VALUES ('140', '112', '146134147563114569220761151295091_123914640320_2.jpg', '0');
INSERT INTO `carimg` VALUES ('141', '112', '146134147563414569220762794752803_210321000196_2.jpg', '1');
INSERT INTO `carimg` VALUES ('142', '112', '146134147563714569220763374752803_210430061441_2.jpg', '2');
INSERT INTO `carimg` VALUES ('143', '112', '146134147564014569220764718821914_104949466000_2.jpg', '3');
INSERT INTO `carimg` VALUES ('144', '112', '146134147564414569263388361295091_123914640320_2.jpg', '4');
INSERT INTO `carimg` VALUES ('145', '112', '146134147564714569263388894752803_210321000196_2.jpg', '5');
INSERT INTO `carimg` VALUES ('146', '113', '146134148023114569220761151295091_123914640320_2.jpg', '0');
INSERT INTO `carimg` VALUES ('147', '113', '146134148023514569220762794752803_210321000196_2.jpg', '1');
INSERT INTO `carimg` VALUES ('148', '113', '146134148023914569220763374752803_210430061441_2.jpg', '2');
INSERT INTO `carimg` VALUES ('149', '113', '146134148024314569220764718821914_104949466000_2.jpg', '3');
INSERT INTO `carimg` VALUES ('150', '113', '146134148024614569263388361295091_123914640320_2.jpg', '4');
INSERT INTO `carimg` VALUES ('151', '113', '146134148024914569263388894752803_210321000196_2.jpg', '5');
INSERT INTO `carimg` VALUES ('152', '114', '146134148482714569220761151295091_123914640320_2.jpg', '0');
INSERT INTO `carimg` VALUES ('153', '114', '146134148483014569220762794752803_210321000196_2.jpg', '1');
INSERT INTO `carimg` VALUES ('154', '114', '146134148483414569220763374752803_210430061441_2.jpg', '2');
INSERT INTO `carimg` VALUES ('155', '114', '146134148484914569220764718821914_104949466000_2.jpg', '3');
INSERT INTO `carimg` VALUES ('156', '114', '146134148485214569263388361295091_123914640320_2.jpg', '4');
INSERT INTO `carimg` VALUES ('157', '114', '146134148485514569263388894752803_210321000196_2.jpg', '5');
INSERT INTO `carimg` VALUES ('158', '115', '146134148977014569220761151295091_123914640320_2.jpg', '0');
INSERT INTO `carimg` VALUES ('159', '115', '146134148977314569220762794752803_210321000196_2.jpg', '1');
INSERT INTO `carimg` VALUES ('160', '115', '146134148977614569220763374752803_210430061441_2.jpg', '2');
INSERT INTO `carimg` VALUES ('161', '115', '146134148977914569220764718821914_104949466000_2.jpg', '3');
INSERT INTO `carimg` VALUES ('162', '115', '146134148978214569263388361295091_123914640320_2.jpg', '4');
INSERT INTO `carimg` VALUES ('163', '115', '146134148978514569263388894752803_210321000196_2.jpg', '5');
INSERT INTO `carimg` VALUES ('164', '116', '146134149678614569220761151295091_123914640320_2.jpg', '0');
INSERT INTO `carimg` VALUES ('165', '116', '146134149678914569220762794752803_210321000196_2.jpg', '1');
INSERT INTO `carimg` VALUES ('166', '116', '146134149679414569220763374752803_210430061441_2.jpg', '2');
INSERT INTO `carimg` VALUES ('167', '116', '146134149679814569220764718821914_104949466000_2.jpg', '3');
INSERT INTO `carimg` VALUES ('168', '116', '146134149680114569263388361295091_123914640320_2.jpg', '4');
INSERT INTO `carimg` VALUES ('169', '116', '146134149680514569263388894752803_210321000196_2.jpg', '5');
INSERT INTO `carimg` VALUES ('170', '117', '146134150124714569220761151295091_123914640320_2.jpg', '0');
INSERT INTO `carimg` VALUES ('171', '117', '146134150125014569220762794752803_210321000196_2.jpg', '1');
INSERT INTO `carimg` VALUES ('172', '117', '146134150125314569220763374752803_210430061441_2.jpg', '2');
INSERT INTO `carimg` VALUES ('173', '117', '146134150128514569220764718821914_104949466000_2.jpg', '3');
INSERT INTO `carimg` VALUES ('174', '117', '146134150128814569263388361295091_123914640320_2.jpg', '4');
INSERT INTO `carimg` VALUES ('175', '117', '146134150129214569263388894752803_210321000196_2.jpg', '5');
INSERT INTO `carimg` VALUES ('176', '118', '146134150600114569220761151295091_123914640320_2.jpg', '0');
INSERT INTO `carimg` VALUES ('177', '118', '146134150600514569220762794752803_210321000196_2.jpg', '1');
INSERT INTO `carimg` VALUES ('178', '118', '146134150600914569220763374752803_210430061441_2.jpg', '2');
INSERT INTO `carimg` VALUES ('179', '118', '146134150601414569220764718821914_104949466000_2.jpg', '3');
INSERT INTO `carimg` VALUES ('180', '118', '146134150601814569263388361295091_123914640320_2.jpg', '4');
INSERT INTO `carimg` VALUES ('181', '118', '146134150602214569263388894752803_210321000196_2.jpg', '5');
INSERT INTO `carimg` VALUES ('182', '119', '146134151007714569220761151295091_123914640320_2.jpg', '0');
INSERT INTO `carimg` VALUES ('183', '119', '146134151008014569220762794752803_210321000196_2.jpg', '1');
INSERT INTO `carimg` VALUES ('184', '119', '146134151008414569220763374752803_210430061441_2.jpg', '2');
INSERT INTO `carimg` VALUES ('185', '119', '146134151008714569220764718821914_104949466000_2.jpg', '3');
INSERT INTO `carimg` VALUES ('186', '119', '146134151009014569263388361295091_123914640320_2.jpg', '4');
INSERT INTO `carimg` VALUES ('187', '119', '146134151009314569263388894752803_210321000196_2.jpg', '5');
INSERT INTO `carimg` VALUES ('188', '120', '146134151407514569220761151295091_123914640320_2.jpg', '0');
INSERT INTO `carimg` VALUES ('189', '120', '146134151407814569220762794752803_210321000196_2.jpg', '1');
INSERT INTO `carimg` VALUES ('190', '120', '146134151408114569220763374752803_210430061441_2.jpg', '2');
INSERT INTO `carimg` VALUES ('191', '120', '146134151408514569220764718821914_104949466000_2.jpg', '3');
INSERT INTO `carimg` VALUES ('192', '120', '146134151409014569263388361295091_123914640320_2.jpg', '4');
INSERT INTO `carimg` VALUES ('193', '120', '146134151409314569263388894752803_210321000196_2.jpg', '5');
INSERT INTO `carimg` VALUES ('194', '121', '146134151958814569220761151295091_123914640320_2.jpg', '0');
INSERT INTO `carimg` VALUES ('195', '121', '146134151959114569220762794752803_210321000196_2.jpg', '1');
INSERT INTO `carimg` VALUES ('196', '121', '146134151959414569220763374752803_210430061441_2.jpg', '2');
INSERT INTO `carimg` VALUES ('197', '121', '146134151959714569220764718821914_104949466000_2.jpg', '3');
INSERT INTO `carimg` VALUES ('198', '121', '146134151960114569263388361295091_123914640320_2.jpg', '4');
INSERT INTO `carimg` VALUES ('199', '121', '146134151960514569263388894752803_210321000196_2.jpg', '5');
INSERT INTO `carimg` VALUES ('200', '122', '146134152393514569220761151295091_123914640320_2.jpg', '0');
INSERT INTO `carimg` VALUES ('201', '122', '146134152393914569220762794752803_210321000196_2.jpg', '1');
INSERT INTO `carimg` VALUES ('202', '122', '146134152394114569220763374752803_210430061441_2.jpg', '2');
INSERT INTO `carimg` VALUES ('203', '122', '146134152394414569220764718821914_104949466000_2.jpg', '3');
INSERT INTO `carimg` VALUES ('204', '122', '146134152394714569263388361295091_123914640320_2.jpg', '4');
INSERT INTO `carimg` VALUES ('205', '122', '146134152395014569263388894752803_210321000196_2.jpg', '5');
INSERT INTO `carimg` VALUES ('206', '123', '146134152851114569220761151295091_123914640320_2.jpg', '0');
INSERT INTO `carimg` VALUES ('207', '123', '146134152851514569220762794752803_210321000196_2.jpg', '1');
INSERT INTO `carimg` VALUES ('208', '123', '146134152851814569220763374752803_210430061441_2.jpg', '2');
INSERT INTO `carimg` VALUES ('209', '123', '146134152852314569220764718821914_104949466000_2.jpg', '3');
INSERT INTO `carimg` VALUES ('210', '123', '146134152852614569263388361295091_123914640320_2.jpg', '4');
INSERT INTO `carimg` VALUES ('211', '123', '146134152853014569263388894752803_210321000196_2.jpg', '5');
INSERT INTO `carimg` VALUES ('212', '124', '146134153508214569220761151295091_123914640320_2.jpg', '0');
INSERT INTO `carimg` VALUES ('213', '124', '146134153508514569220762794752803_210321000196_2.jpg', '1');
INSERT INTO `carimg` VALUES ('214', '124', '146134153508914569220763374752803_210430061441_2.jpg', '2');
INSERT INTO `carimg` VALUES ('215', '124', '146134153509214569220764718821914_104949466000_2.jpg', '3');
INSERT INTO `carimg` VALUES ('216', '124', '146134153509514569263388361295091_123914640320_2.jpg', '4');
INSERT INTO `carimg` VALUES ('217', '124', '146134153509814569263388894752803_210321000196_2.jpg', '5');
INSERT INTO `carimg` VALUES ('218', '125', '146134153965214569220761151295091_123914640320_2.jpg', '0');
INSERT INTO `carimg` VALUES ('219', '125', '146134153965514569220762794752803_210321000196_2.jpg', '1');
INSERT INTO `carimg` VALUES ('220', '125', '146134153965814569220763374752803_210430061441_2.jpg', '2');
INSERT INTO `carimg` VALUES ('221', '125', '146134153966114569220764718821914_104949466000_2.jpg', '3');
INSERT INTO `carimg` VALUES ('222', '125', '146134153966414569263388361295091_123914640320_2.jpg', '4');
INSERT INTO `carimg` VALUES ('223', '125', '146134153966714569263388894752803_210321000196_2.jpg', '5');
INSERT INTO `carimg` VALUES ('224', '126', '146134154393614569220761151295091_123914640320_2.jpg', '0');
INSERT INTO `carimg` VALUES ('225', '126', '146134154393914569220762794752803_210321000196_2.jpg', '1');
INSERT INTO `carimg` VALUES ('226', '126', '146134154394314569220763374752803_210430061441_2.jpg', '2');
INSERT INTO `carimg` VALUES ('227', '126', '146134154394714569220764718821914_104949466000_2.jpg', '3');
INSERT INTO `carimg` VALUES ('228', '126', '146134154395114569263388361295091_123914640320_2.jpg', '4');
INSERT INTO `carimg` VALUES ('229', '126', '146134154395414569263388894752803_210321000196_2.jpg', '5');
INSERT INTO `carimg` VALUES ('230', '127', '146134154830414569220761151295091_123914640320_2.jpg', '0');
INSERT INTO `carimg` VALUES ('231', '127', '146134154830714569220762794752803_210321000196_2.jpg', '1');
INSERT INTO `carimg` VALUES ('232', '127', '146134154831014569220763374752803_210430061441_2.jpg', '2');
INSERT INTO `carimg` VALUES ('233', '127', '146134154831314569220764718821914_104949466000_2.jpg', '3');
INSERT INTO `carimg` VALUES ('234', '127', '146134154831614569263388361295091_123914640320_2.jpg', '4');
INSERT INTO `carimg` VALUES ('235', '127', '146134154834214569263388894752803_210321000196_2.jpg', '5');
INSERT INTO `carimg` VALUES ('236', '128', '146134155194814569220761151295091_123914640320_2.jpg', '0');
INSERT INTO `carimg` VALUES ('237', '128', '146134155195114569220762794752803_210321000196_2.jpg', '1');
INSERT INTO `carimg` VALUES ('238', '128', '146134155195414569220763374752803_210430061441_2.jpg', '2');
INSERT INTO `carimg` VALUES ('239', '128', '146134155195814569220764718821914_104949466000_2.jpg', '3');
INSERT INTO `carimg` VALUES ('240', '128', '146134155196214569263388361295091_123914640320_2.jpg', '4');
INSERT INTO `carimg` VALUES ('241', '128', '146134155196514569263388894752803_210321000196_2.jpg', '5');
INSERT INTO `carimg` VALUES ('242', '129', '146134155295114569220761151295091_123914640320_2.jpg', '0');
INSERT INTO `carimg` VALUES ('243', '129', '146134155295614569220762794752803_210321000196_2.jpg', '1');
INSERT INTO `carimg` VALUES ('244', '129', '146134155296014569220763374752803_210430061441_2.jpg', '2');
INSERT INTO `carimg` VALUES ('245', '129', '146134155296614569220764718821914_104949466000_2.jpg', '3');
INSERT INTO `carimg` VALUES ('246', '129', '146134155297014569263388361295091_123914640320_2.jpg', '4');
INSERT INTO `carimg` VALUES ('247', '129', '146134155297314569263388894752803_210321000196_2.jpg', '5');
INSERT INTO `carimg` VALUES ('248', '130', '146134155391814569220761151295091_123914640320_2.jpg', '0');
INSERT INTO `carimg` VALUES ('249', '130', '146134155392214569220762794752803_210321000196_2.jpg', '1');
INSERT INTO `carimg` VALUES ('250', '130', '146134155392514569220763374752803_210430061441_2.jpg', '2');
INSERT INTO `carimg` VALUES ('251', '130', '146134155392814569220764718821914_104949466000_2.jpg', '3');
INSERT INTO `carimg` VALUES ('252', '130', '146134155396514569263388361295091_123914640320_2.jpg', '4');
INSERT INTO `carimg` VALUES ('253', '130', '146134155396914569263388894752803_210321000196_2.jpg', '5');
INSERT INTO `carimg` VALUES ('254', '131', '146134155765614569220761151295091_123914640320_2.jpg', '0');
INSERT INTO `carimg` VALUES ('255', '131', '146134155765914569220762794752803_210321000196_2.jpg', '1');
INSERT INTO `carimg` VALUES ('256', '131', '146134155766214569220763374752803_210430061441_2.jpg', '2');
INSERT INTO `carimg` VALUES ('257', '131', '146134155766514569220764718821914_104949466000_2.jpg', '3');
INSERT INTO `carimg` VALUES ('258', '131', '146134155766814569263388361295091_123914640320_2.jpg', '4');
INSERT INTO `carimg` VALUES ('259', '131', '146134155767114569263388894752803_210321000196_2.jpg', '5');
INSERT INTO `carimg` VALUES ('260', '132', '146134155848614569220761151295091_123914640320_2.jpg', '0');
INSERT INTO `carimg` VALUES ('261', '132', '146134155848914569220762794752803_210321000196_2.jpg', '1');
INSERT INTO `carimg` VALUES ('262', '132', '146134155849214569220763374752803_210430061441_2.jpg', '2');
INSERT INTO `carimg` VALUES ('263', '132', '146134155849514569220764718821914_104949466000_2.jpg', '3');
INSERT INTO `carimg` VALUES ('264', '132', '146134155849814569263388361295091_123914640320_2.jpg', '4');
INSERT INTO `carimg` VALUES ('265', '132', '146134155850014569263388894752803_210321000196_2.jpg', '5');
INSERT INTO `carimg` VALUES ('266', '133', '146134155943114569220761151295091_123914640320_2.jpg', '0');
INSERT INTO `carimg` VALUES ('267', '133', '146134155943414569220762794752803_210321000196_2.jpg', '1');
INSERT INTO `carimg` VALUES ('268', '133', '146134155943714569220763374752803_210430061441_2.jpg', '2');
INSERT INTO `carimg` VALUES ('269', '133', '146134155944114569220764718821914_104949466000_2.jpg', '3');
INSERT INTO `carimg` VALUES ('270', '133', '146134155944514569263388361295091_123914640320_2.jpg', '4');
INSERT INTO `carimg` VALUES ('271', '133', '146134155944814569263388894752803_210321000196_2.jpg', '5');
INSERT INTO `carimg` VALUES ('272', '134', '146134156474114569220761151295091_123914640320_2.jpg', '0');
INSERT INTO `carimg` VALUES ('273', '134', '146134156474414569220762794752803_210321000196_2.jpg', '1');
INSERT INTO `carimg` VALUES ('274', '134', '146134156474614569220763374752803_210430061441_2.jpg', '2');
INSERT INTO `carimg` VALUES ('275', '134', '146134156474814569220764718821914_104949466000_2.jpg', '3');
INSERT INTO `carimg` VALUES ('276', '134', '146134156475114569263388361295091_123914640320_2.jpg', '4');
INSERT INTO `carimg` VALUES ('277', '134', '146134156475414569263388894752803_210321000196_2.jpg', '5');
INSERT INTO `carimg` VALUES ('278', '135', '146134156556014569220761151295091_123914640320_2.jpg', '0');
INSERT INTO `carimg` VALUES ('279', '135', '146134156556314569220762794752803_210321000196_2.jpg', '1');
INSERT INTO `carimg` VALUES ('280', '135', '146134156556514569220763374752803_210430061441_2.jpg', '2');
INSERT INTO `carimg` VALUES ('281', '135', '146134156556914569220764718821914_104949466000_2.jpg', '3');
INSERT INTO `carimg` VALUES ('282', '135', '146134156557314569263388361295091_123914640320_2.jpg', '4');
INSERT INTO `carimg` VALUES ('283', '135', '146134156557514569263388894752803_210321000196_2.jpg', '5');
INSERT INTO `carimg` VALUES ('284', '136', '146134156644014569220761151295091_123914640320_2.jpg', '0');
INSERT INTO `carimg` VALUES ('285', '136', '146134156644314569220762794752803_210321000196_2.jpg', '1');
INSERT INTO `carimg` VALUES ('286', '136', '146134156644514569220763374752803_210430061441_2.jpg', '2');
INSERT INTO `carimg` VALUES ('287', '136', '146134156644714569220764718821914_104949466000_2.jpg', '3');
INSERT INTO `carimg` VALUES ('288', '136', '146134156645114569263388361295091_123914640320_2.jpg', '4');
INSERT INTO `carimg` VALUES ('289', '136', '146134156645514569263388894752803_210321000196_2.jpg', '5');
INSERT INTO `carimg` VALUES ('290', '137', '14613419395671456794974848200864145046215.jpg', '0');
INSERT INTO `carimg` VALUES ('291', '137', '146134193957114567953572908821914_104949466000_2.jpg', '1');
INSERT INTO `carimg` VALUES ('292', '137', '14613419395751456832309223860351_113502039139_2.jpg', '2');
INSERT INTO `carimg` VALUES ('293', '137', '146134193957914568323093031295091_123914640320_2.jpg', '3');
INSERT INTO `carimg` VALUES ('294', '137', '146134193958214568323093734752803_210321000196_2.jpg', '4');
INSERT INTO `carimg` VALUES ('295', '138', '14613419439161456794974848200864145046215.jpg', '0');
INSERT INTO `carimg` VALUES ('296', '138', '146134194391914567953572908821914_104949466000_2.jpg', '1');
INSERT INTO `carimg` VALUES ('297', '138', '14613419439231456832309223860351_113502039139_2.jpg', '2');
INSERT INTO `carimg` VALUES ('298', '138', '146134194392714568323093031295091_123914640320_2.jpg', '3');
INSERT INTO `carimg` VALUES ('299', '138', '146134194393014568323093734752803_210321000196_2.jpg', '4');
INSERT INTO `carimg` VALUES ('300', '139', '14613419451791456794974848200864145046215.jpg', '0');
INSERT INTO `carimg` VALUES ('301', '139', '146134194519014567953572908821914_104949466000_2.jpg', '1');
INSERT INTO `carimg` VALUES ('302', '139', '14613419451941456832309223860351_113502039139_2.jpg', '2');
INSERT INTO `carimg` VALUES ('303', '139', '146134194519914568323093031295091_123914640320_2.jpg', '3');
INSERT INTO `carimg` VALUES ('304', '139', '146134194520214568323093734752803_210321000196_2.jpg', '4');
INSERT INTO `carimg` VALUES ('305', '140', '14613419462341456794974848200864145046215.jpg', '0');
INSERT INTO `carimg` VALUES ('306', '140', '146134194623714567953572908821914_104949466000_2.jpg', '1');
INSERT INTO `carimg` VALUES ('307', '140', '14613419462421456832309223860351_113502039139_2.jpg', '2');
INSERT INTO `carimg` VALUES ('308', '140', '146134194624514568323093031295091_123914640320_2.jpg', '3');
INSERT INTO `carimg` VALUES ('309', '140', '146134194624814568323093734752803_210321000196_2.jpg', '4');
INSERT INTO `carimg` VALUES ('310', '141', '14613419524751456794974848200864145046215.jpg', '0');
INSERT INTO `carimg` VALUES ('311', '141', '146134195247814567953572908821914_104949466000_2.jpg', '1');
INSERT INTO `carimg` VALUES ('312', '141', '14613419524811456832309223860351_113502039139_2.jpg', '2');
INSERT INTO `carimg` VALUES ('313', '141', '146134195248414568323093031295091_123914640320_2.jpg', '3');
INSERT INTO `carimg` VALUES ('314', '141', '146134195249914568323093734752803_210321000196_2.jpg', '4');
INSERT INTO `carimg` VALUES ('315', '142', '14613419567271456794974848200864145046215.jpg', '0');
INSERT INTO `carimg` VALUES ('316', '142', '146134195673014567953572908821914_104949466000_2.jpg', '1');
INSERT INTO `carimg` VALUES ('317', '142', '14613419567331456832309223860351_113502039139_2.jpg', '2');
INSERT INTO `carimg` VALUES ('318', '142', '146134195673714568323093031295091_123914640320_2.jpg', '3');
INSERT INTO `carimg` VALUES ('319', '142', '146134195673914568323093734752803_210321000196_2.jpg', '4');
INSERT INTO `carimg` VALUES ('320', '143', '14613419599121456794974848200864145046215.jpg', '0');
INSERT INTO `carimg` VALUES ('321', '143', '146134195991514567953572908821914_104949466000_2.jpg', '1');
INSERT INTO `carimg` VALUES ('322', '143', '14613419599201456832309223860351_113502039139_2.jpg', '2');
INSERT INTO `carimg` VALUES ('323', '143', '146134195992414568323093031295091_123914640320_2.jpg', '3');
INSERT INTO `carimg` VALUES ('324', '143', '146134195992714568323093734752803_210321000196_2.jpg', '4');
INSERT INTO `carimg` VALUES ('325', '144', '14613419637541456794974848200864145046215.jpg', '0');
INSERT INTO `carimg` VALUES ('326', '144', '146134196376914567953572908821914_104949466000_2.jpg', '1');
INSERT INTO `carimg` VALUES ('327', '144', '14613419637721456832309223860351_113502039139_2.jpg', '2');
INSERT INTO `carimg` VALUES ('328', '144', '146134196377514568323093031295091_123914640320_2.jpg', '3');
INSERT INTO `carimg` VALUES ('329', '144', '146134196377714568323093734752803_210321000196_2.jpg', '4');
INSERT INTO `carimg` VALUES ('330', '145', '14613419669301456794974848200864145046215.jpg', '0');
INSERT INTO `carimg` VALUES ('331', '145', '146134196694914567953572908821914_104949466000_2.jpg', '1');
INSERT INTO `carimg` VALUES ('332', '145', '14613419669531456832309223860351_113502039139_2.jpg', '2');
INSERT INTO `carimg` VALUES ('333', '145', '146134196697114568323093031295091_123914640320_2.jpg', '3');
INSERT INTO `carimg` VALUES ('334', '145', '146134196697314568323093734752803_210321000196_2.jpg', '4');
INSERT INTO `carimg` VALUES ('335', '146', '14613419707211456794974848200864145046215.jpg', '0');
INSERT INTO `carimg` VALUES ('336', '146', '146134197072414567953572908821914_104949466000_2.jpg', '1');
INSERT INTO `carimg` VALUES ('337', '146', '14613419707271456832309223860351_113502039139_2.jpg', '2');
INSERT INTO `carimg` VALUES ('338', '146', '146134197073014568323093031295091_123914640320_2.jpg', '3');
INSERT INTO `carimg` VALUES ('339', '146', '146134197073414568323093734752803_210321000196_2.jpg', '4');
INSERT INTO `carimg` VALUES ('340', '147', '14613419738121456794974848200864145046215.jpg', '0');
INSERT INTO `carimg` VALUES ('341', '147', '146134197381614567953572908821914_104949466000_2.jpg', '1');
INSERT INTO `carimg` VALUES ('342', '147', '14613419738191456832309223860351_113502039139_2.jpg', '2');
INSERT INTO `carimg` VALUES ('343', '147', '146134197382214568323093031295091_123914640320_2.jpg', '3');
INSERT INTO `carimg` VALUES ('344', '147', '146134197382514568323093734752803_210321000196_2.jpg', '4');
INSERT INTO `carimg` VALUES ('345', '148', '14613419772171456794974848200864145046215.jpg', '0');
INSERT INTO `carimg` VALUES ('346', '148', '146134197722114567953572908821914_104949466000_2.jpg', '1');
INSERT INTO `carimg` VALUES ('347', '148', '14613419772241456832309223860351_113502039139_2.jpg', '2');
INSERT INTO `carimg` VALUES ('348', '148', '146134197722814568323093031295091_123914640320_2.jpg', '3');
INSERT INTO `carimg` VALUES ('349', '148', '146134197723214568323093734752803_210321000196_2.jpg', '4');
INSERT INTO `carimg` VALUES ('350', '149', '14613419808451456794974848200864145046215.jpg', '0');
INSERT INTO `carimg` VALUES ('351', '149', '146134198084814567953572908821914_104949466000_2.jpg', '1');
INSERT INTO `carimg` VALUES ('352', '149', '14613419808511456832309223860351_113502039139_2.jpg', '2');
INSERT INTO `carimg` VALUES ('353', '149', '146134198085414568323093031295091_123914640320_2.jpg', '3');
INSERT INTO `carimg` VALUES ('354', '149', '146134198085714568323093734752803_210321000196_2.jpg', '4');
INSERT INTO `carimg` VALUES ('355', '150', '14613419845591456794974848200864145046215.jpg', '0');
INSERT INTO `carimg` VALUES ('356', '150', '146134198456314567953572908821914_104949466000_2.jpg', '1');
INSERT INTO `carimg` VALUES ('357', '150', '14613419845661456832309223860351_113502039139_2.jpg', '2');
INSERT INTO `carimg` VALUES ('358', '150', '146134198456914568323093031295091_123914640320_2.jpg', '3');
INSERT INTO `carimg` VALUES ('359', '150', '146134198457214568323093734752803_210321000196_2.jpg', '4');
INSERT INTO `carimg` VALUES ('360', '151', '14613419887081456794974848200864145046215.jpg', '0');
INSERT INTO `carimg` VALUES ('361', '151', '146134198871114567953572908821914_104949466000_2.jpg', '1');
INSERT INTO `carimg` VALUES ('362', '151', '14613419887381456832309223860351_113502039139_2.jpg', '2');
INSERT INTO `carimg` VALUES ('363', '151', '146134198874214568323093031295091_123914640320_2.jpg', '3');
INSERT INTO `carimg` VALUES ('364', '151', '146134198874514568323093734752803_210321000196_2.jpg', '4');
INSERT INTO `carimg` VALUES ('365', '152', '14613419918951456794974848200864145046215.jpg', '0');
INSERT INTO `carimg` VALUES ('366', '152', '146134199189814567953572908821914_104949466000_2.jpg', '1');
INSERT INTO `carimg` VALUES ('367', '152', '14613419919011456832309223860351_113502039139_2.jpg', '2');
INSERT INTO `carimg` VALUES ('368', '152', '146134199190414568323093031295091_123914640320_2.jpg', '3');
INSERT INTO `carimg` VALUES ('369', '152', '146134199190814568323093734752803_210321000196_2.jpg', '4');
INSERT INTO `carimg` VALUES ('370', '153', '14613419950731456794974848200864145046215.jpg', '0');
INSERT INTO `carimg` VALUES ('371', '153', '146134199511114567953572908821914_104949466000_2.jpg', '1');
INSERT INTO `carimg` VALUES ('372', '153', '14613419951141456832309223860351_113502039139_2.jpg', '2');
INSERT INTO `carimg` VALUES ('373', '153', '146134199511714568323093031295091_123914640320_2.jpg', '3');
INSERT INTO `carimg` VALUES ('374', '153', '146134199512014568323093734752803_210321000196_2.jpg', '4');
INSERT INTO `carimg` VALUES ('375', '154', '14613419979411456794974848200864145046215.jpg', '0');
INSERT INTO `carimg` VALUES ('376', '154', '146134199794414567953572908821914_104949466000_2.jpg', '1');
INSERT INTO `carimg` VALUES ('377', '154', '14613419979471456832309223860351_113502039139_2.jpg', '2');
INSERT INTO `carimg` VALUES ('378', '154', '146134199795114568323093031295091_123914640320_2.jpg', '3');
INSERT INTO `carimg` VALUES ('379', '154', '146134199795514568323093734752803_210321000196_2.jpg', '4');
INSERT INTO `carimg` VALUES ('380', '155', '14613420011551456794974848200864145046215.jpg', '0');
INSERT INTO `carimg` VALUES ('381', '155', '146134200115814567953572908821914_104949466000_2.jpg', '1');
INSERT INTO `carimg` VALUES ('382', '155', '14613420011621456832309223860351_113502039139_2.jpg', '2');
INSERT INTO `carimg` VALUES ('383', '155', '146134200116514568323093031295091_123914640320_2.jpg', '3');
INSERT INTO `carimg` VALUES ('384', '155', '146134200116814568323093734752803_210321000196_2.jpg', '4');
INSERT INTO `carimg` VALUES ('385', '156', '14613420043151456794974848200864145046215.jpg', '0');
INSERT INTO `carimg` VALUES ('386', '156', '146134200431914567953572908821914_104949466000_2.jpg', '1');
INSERT INTO `carimg` VALUES ('387', '156', '14613420043241456832309223860351_113502039139_2.jpg', '2');
INSERT INTO `carimg` VALUES ('388', '156', '146134200432714568323093031295091_123914640320_2.jpg', '3');
INSERT INTO `carimg` VALUES ('389', '156', '146134200433014568323093734752803_210321000196_2.jpg', '4');
INSERT INTO `carimg` VALUES ('390', '157', '14613420076031456794974848200864145046215.jpg', '0');
INSERT INTO `carimg` VALUES ('391', '157', '146134200760714567953572908821914_104949466000_2.jpg', '1');
INSERT INTO `carimg` VALUES ('392', '157', '14613420076111456832309223860351_113502039139_2.jpg', '2');
INSERT INTO `carimg` VALUES ('393', '157', '146134200761514568323093031295091_123914640320_2.jpg', '3');
INSERT INTO `carimg` VALUES ('394', '157', '146134200761814568323093734752803_210321000196_2.jpg', '4');
INSERT INTO `carimg` VALUES ('395', '158', '14613420107191456794974848200864145046215.jpg', '0');
INSERT INTO `carimg` VALUES ('396', '158', '146134201072214567953572908821914_104949466000_2.jpg', '1');
INSERT INTO `carimg` VALUES ('397', '158', '14613420107251456832309223860351_113502039139_2.jpg', '2');
INSERT INTO `carimg` VALUES ('398', '158', '146134201072814568323093031295091_123914640320_2.jpg', '3');
INSERT INTO `carimg` VALUES ('399', '158', '146134201073014568323093734752803_210321000196_2.jpg', '4');
INSERT INTO `carimg` VALUES ('400', '159', '14613420140141456794974848200864145046215.jpg', '0');
INSERT INTO `carimg` VALUES ('401', '159', '146134201401814567953572908821914_104949466000_2.jpg', '1');
INSERT INTO `carimg` VALUES ('402', '159', '14613420140831456832309223860351_113502039139_2.jpg', '2');
INSERT INTO `carimg` VALUES ('403', '159', '146134201408614568323093031295091_123914640320_2.jpg', '3');
INSERT INTO `carimg` VALUES ('404', '159', '146134201409014568323093734752803_210321000196_2.jpg', '4');
INSERT INTO `carimg` VALUES ('405', '160', '146134215382214567953570894752803_210321000196_2.jpg', '0');
INSERT INTO `carimg` VALUES ('406', '160', '146134215382414567953571804752803_210430061441_2.jpg', '1');
INSERT INTO `carimg` VALUES ('407', '160', '14613421538281456832309223860351_113502039139_2.jpg', '2');
INSERT INTO `carimg` VALUES ('408', '160', '146134215383414568323093031295091_123914640320_2.jpg', '3');
INSERT INTO `carimg` VALUES ('409', '160', '146134215383614568323093734752803_210321000196_2.jpg', '4');
INSERT INTO `carimg` VALUES ('410', '161', '146134215866014567953570894752803_210321000196_2.jpg', '0');
INSERT INTO `carimg` VALUES ('411', '161', '146134215866414567953571804752803_210430061441_2.jpg', '1');
INSERT INTO `carimg` VALUES ('412', '161', '14613421586661456832309223860351_113502039139_2.jpg', '2');
INSERT INTO `carimg` VALUES ('413', '161', '146134215867014568323093031295091_123914640320_2.jpg', '3');
INSERT INTO `carimg` VALUES ('414', '161', '146134215867314568323093734752803_210321000196_2.jpg', '4');
INSERT INTO `carimg` VALUES ('415', '162', '146134216158014567953570894752803_210321000196_2.jpg', '0');
INSERT INTO `carimg` VALUES ('416', '162', '146134216158314567953571804752803_210430061441_2.jpg', '1');
INSERT INTO `carimg` VALUES ('417', '162', '14613421615851456832309223860351_113502039139_2.jpg', '2');
INSERT INTO `carimg` VALUES ('418', '162', '146134216158914568323093031295091_123914640320_2.jpg', '3');
INSERT INTO `carimg` VALUES ('419', '162', '146134216159214568323093734752803_210321000196_2.jpg', '4');
INSERT INTO `carimg` VALUES ('420', '163', '146134216457114567953570894752803_210321000196_2.jpg', '0');
INSERT INTO `carimg` VALUES ('421', '163', '146134216457414567953571804752803_210430061441_2.jpg', '1');
INSERT INTO `carimg` VALUES ('422', '163', '14613421645771456832309223860351_113502039139_2.jpg', '2');
INSERT INTO `carimg` VALUES ('423', '163', '146134216458014568323093031295091_123914640320_2.jpg', '3');
INSERT INTO `carimg` VALUES ('424', '163', '146134216458314568323093734752803_210321000196_2.jpg', '4');
INSERT INTO `carimg` VALUES ('425', '164', '146134216764614567953570894752803_210321000196_2.jpg', '0');
INSERT INTO `carimg` VALUES ('426', '164', '146134216764814567953571804752803_210430061441_2.jpg', '1');
INSERT INTO `carimg` VALUES ('427', '164', '14613421676511456832309223860351_113502039139_2.jpg', '2');
INSERT INTO `carimg` VALUES ('428', '164', '146134216765614568323093031295091_123914640320_2.jpg', '3');
INSERT INTO `carimg` VALUES ('429', '164', '146134216766214568323093734752803_210321000196_2.jpg', '4');
INSERT INTO `carimg` VALUES ('430', '165', '146134217107814567953570894752803_210321000196_2.jpg', '0');
INSERT INTO `carimg` VALUES ('431', '165', '146134217108114567953571804752803_210430061441_2.jpg', '1');
INSERT INTO `carimg` VALUES ('432', '165', '14613421710971456832309223860351_113502039139_2.jpg', '2');
INSERT INTO `carimg` VALUES ('433', '165', '146134217109914568323093031295091_123914640320_2.jpg', '3');
INSERT INTO `carimg` VALUES ('434', '165', '146134217110314568323093734752803_210321000196_2.jpg', '4');
INSERT INTO `carimg` VALUES ('435', '166', '146134217400114567953570894752803_210321000196_2.jpg', '0');
INSERT INTO `carimg` VALUES ('436', '166', '146134217400314567953571804752803_210430061441_2.jpg', '1');
INSERT INTO `carimg` VALUES ('437', '166', '14613421740071456832309223860351_113502039139_2.jpg', '2');
INSERT INTO `carimg` VALUES ('438', '166', '146134217401014568323093031295091_123914640320_2.jpg', '3');
INSERT INTO `carimg` VALUES ('439', '166', '146134217401314568323093734752803_210321000196_2.jpg', '4');
INSERT INTO `carimg` VALUES ('440', '167', '146134217690014567953570894752803_210321000196_2.jpg', '0');
INSERT INTO `carimg` VALUES ('441', '167', '146134217690414567953571804752803_210430061441_2.jpg', '1');
INSERT INTO `carimg` VALUES ('442', '167', '14613421769071456832309223860351_113502039139_2.jpg', '2');
INSERT INTO `carimg` VALUES ('443', '167', '146134217694914568323093031295091_123914640320_2.jpg', '3');
INSERT INTO `carimg` VALUES ('444', '167', '146134217695314568323093734752803_210321000196_2.jpg', '4');
INSERT INTO `carimg` VALUES ('445', '168', '146134217994114567953570894752803_210321000196_2.jpg', '0');
INSERT INTO `carimg` VALUES ('446', '168', '146134217994414567953571804752803_210430061441_2.jpg', '1');
INSERT INTO `carimg` VALUES ('447', '168', '14613421799491456832309223860351_113502039139_2.jpg', '2');
INSERT INTO `carimg` VALUES ('448', '168', '146134217995314568323093031295091_123914640320_2.jpg', '3');
INSERT INTO `carimg` VALUES ('449', '168', '146134217995614568323093734752803_210321000196_2.jpg', '4');
INSERT INTO `carimg` VALUES ('450', '169', '146134218290614567953570894752803_210321000196_2.jpg', '0');
INSERT INTO `carimg` VALUES ('451', '169', '146134218290914567953571804752803_210430061441_2.jpg', '1');
INSERT INTO `carimg` VALUES ('452', '169', '14613421829121456832309223860351_113502039139_2.jpg', '2');
INSERT INTO `carimg` VALUES ('453', '169', '146134218291614568323093031295091_123914640320_2.jpg', '3');
INSERT INTO `carimg` VALUES ('454', '169', '146134218291814568323093734752803_210321000196_2.jpg', '4');
INSERT INTO `carimg` VALUES ('455', '170', '146134218606514567953570894752803_210321000196_2.jpg', '0');
INSERT INTO `carimg` VALUES ('456', '170', '146134218606714567953571804752803_210430061441_2.jpg', '1');
INSERT INTO `carimg` VALUES ('457', '170', '14613421860701456832309223860351_113502039139_2.jpg', '2');
INSERT INTO `carimg` VALUES ('458', '170', '146134218607414568323093031295091_123914640320_2.jpg', '3');
INSERT INTO `carimg` VALUES ('459', '170', '146134218607614568323093734752803_210321000196_2.jpg', '4');
INSERT INTO `carimg` VALUES ('460', '171', '146134219020414567953570894752803_210321000196_2.jpg', '0');
INSERT INTO `carimg` VALUES ('461', '171', '146134219022314567953571804752803_210430061441_2.jpg', '1');
INSERT INTO `carimg` VALUES ('462', '171', '14613421902551456832309223860351_113502039139_2.jpg', '2');
INSERT INTO `carimg` VALUES ('463', '171', '146134219025914568323093031295091_123914640320_2.jpg', '3');
INSERT INTO `carimg` VALUES ('464', '171', '146134219026214568323093734752803_210321000196_2.jpg', '4');
INSERT INTO `carimg` VALUES ('465', '172', '146134219333114567953570894752803_210321000196_2.jpg', '0');
INSERT INTO `carimg` VALUES ('466', '172', '146134219333514567953571804752803_210430061441_2.jpg', '1');
INSERT INTO `carimg` VALUES ('467', '172', '14613421933381456832309223860351_113502039139_2.jpg', '2');
INSERT INTO `carimg` VALUES ('468', '172', '146134219334114568323093031295091_123914640320_2.jpg', '3');
INSERT INTO `carimg` VALUES ('469', '172', '146134219334414568323093734752803_210321000196_2.jpg', '4');
INSERT INTO `carimg` VALUES ('470', '173', '146134219620314567953570894752803_210321000196_2.jpg', '0');
INSERT INTO `carimg` VALUES ('471', '173', '146134219620614567953571804752803_210430061441_2.jpg', '1');
INSERT INTO `carimg` VALUES ('472', '173', '14613421962081456832309223860351_113502039139_2.jpg', '2');
INSERT INTO `carimg` VALUES ('473', '173', '146134219621214568323093031295091_123914640320_2.jpg', '3');
INSERT INTO `carimg` VALUES ('474', '173', '146134219621514568323093734752803_210321000196_2.jpg', '4');
INSERT INTO `carimg` VALUES ('475', '174', '146134219919414567953570894752803_210321000196_2.jpg', '0');
INSERT INTO `carimg` VALUES ('476', '174', '146134219919714567953571804752803_210430061441_2.jpg', '1');
INSERT INTO `carimg` VALUES ('477', '174', '14613421992011456832309223860351_113502039139_2.jpg', '2');
INSERT INTO `carimg` VALUES ('478', '174', '146134219920414568323093031295091_123914640320_2.jpg', '3');
INSERT INTO `carimg` VALUES ('479', '174', '146134219920814568323093734752803_210321000196_2.jpg', '4');
INSERT INTO `carimg` VALUES ('480', '175', '146134220240114567953570894752803_210321000196_2.jpg', '0');
INSERT INTO `carimg` VALUES ('481', '175', '146134220240414567953571804752803_210430061441_2.jpg', '1');
INSERT INTO `carimg` VALUES ('482', '175', '14613422024111456832309223860351_113502039139_2.jpg', '2');
INSERT INTO `carimg` VALUES ('483', '175', '146134220241514568323093031295091_123914640320_2.jpg', '3');
INSERT INTO `carimg` VALUES ('484', '175', '146134220241814568323093734752803_210321000196_2.jpg', '4');
INSERT INTO `carimg` VALUES ('485', '176', '146134220600814567953570894752803_210321000196_2.jpg', '0');
INSERT INTO `carimg` VALUES ('486', '176', '146134220601114567953571804752803_210430061441_2.jpg', '1');
INSERT INTO `carimg` VALUES ('487', '176', '14613422060141456832309223860351_113502039139_2.jpg', '2');
INSERT INTO `carimg` VALUES ('488', '176', '146134220601714568323093031295091_123914640320_2.jpg', '3');
INSERT INTO `carimg` VALUES ('489', '176', '146134220607414568323093734752803_210321000196_2.jpg', '4');
INSERT INTO `carimg` VALUES ('490', '177', '146134220967814567953570894752803_210321000196_2.jpg', '0');
INSERT INTO `carimg` VALUES ('491', '177', '146134220968114567953571804752803_210430061441_2.jpg', '1');
INSERT INTO `carimg` VALUES ('492', '177', '14613422096841456832309223860351_113502039139_2.jpg', '2');
INSERT INTO `carimg` VALUES ('493', '177', '146134220968714568323093031295091_123914640320_2.jpg', '3');
INSERT INTO `carimg` VALUES ('494', '177', '146134220969014568323093734752803_210321000196_2.jpg', '4');
INSERT INTO `carimg` VALUES ('495', '178', '146134221306914567953570894752803_210321000196_2.jpg', '0');
INSERT INTO `carimg` VALUES ('496', '178', '146134221307714567953571804752803_210430061441_2.jpg', '1');
INSERT INTO `carimg` VALUES ('497', '178', '14613422130801456832309223860351_113502039139_2.jpg', '2');
INSERT INTO `carimg` VALUES ('498', '178', '146134221308414568323093031295091_123914640320_2.jpg', '3');
INSERT INTO `carimg` VALUES ('499', '178', '146134221308714568323093734752803_210321000196_2.jpg', '4');
INSERT INTO `carimg` VALUES ('500', '179', '146134221663114567953570894752803_210321000196_2.jpg', '0');
INSERT INTO `carimg` VALUES ('501', '179', '146134221663414567953571804752803_210430061441_2.jpg', '1');
INSERT INTO `carimg` VALUES ('502', '179', '14613422166361456832309223860351_113502039139_2.jpg', '2');
INSERT INTO `carimg` VALUES ('503', '179', '146134221664014568323093031295091_123914640320_2.jpg', '3');
INSERT INTO `carimg` VALUES ('504', '179', '146134221664214568323093734752803_210321000196_2.jpg', '4');
INSERT INTO `carimg` VALUES ('505', '180', '146134221996514567953570894752803_210321000196_2.jpg', '0');
INSERT INTO `carimg` VALUES ('506', '180', '146134221996714567953571804752803_210430061441_2.jpg', '1');
INSERT INTO `carimg` VALUES ('507', '180', '14613422199701456832309223860351_113502039139_2.jpg', '2');
INSERT INTO `carimg` VALUES ('508', '180', '146134221997414568323093031295091_123914640320_2.jpg', '3');
INSERT INTO `carimg` VALUES ('509', '180', '146134221997714568323093734752803_210321000196_2.jpg', '4');
INSERT INTO `carimg` VALUES ('510', '181', '146134222318314567953570894752803_210321000196_2.jpg', '0');
INSERT INTO `carimg` VALUES ('511', '181', '146134222318614567953571804752803_210430061441_2.jpg', '1');
INSERT INTO `carimg` VALUES ('512', '181', '14613422231901456832309223860351_113502039139_2.jpg', '2');
INSERT INTO `carimg` VALUES ('513', '181', '146134222319414568323093031295091_123914640320_2.jpg', '3');
INSERT INTO `carimg` VALUES ('514', '181', '146134222319814568323093734752803_210321000196_2.jpg', '4');
INSERT INTO `carimg` VALUES ('515', '182', '146134222656414567953570894752803_210321000196_2.jpg', '0');
INSERT INTO `carimg` VALUES ('516', '182', '146134222656614567953571804752803_210430061441_2.jpg', '1');
INSERT INTO `carimg` VALUES ('517', '182', '14613422265681456832309223860351_113502039139_2.jpg', '2');
INSERT INTO `carimg` VALUES ('518', '182', '146134222657214568323093031295091_123914640320_2.jpg', '3');
INSERT INTO `carimg` VALUES ('519', '182', '146134222657514568323093734752803_210321000196_2.jpg', '4');
INSERT INTO `carimg` VALUES ('520', '183', '146134222970914567953570894752803_210321000196_2.jpg', '0');
INSERT INTO `carimg` VALUES ('521', '183', '146134222971214567953571804752803_210430061441_2.jpg', '1');
INSERT INTO `carimg` VALUES ('522', '183', '14613422297151456832309223860351_113502039139_2.jpg', '2');
INSERT INTO `carimg` VALUES ('523', '183', '146134222971714568323093031295091_123914640320_2.jpg', '3');
INSERT INTO `carimg` VALUES ('524', '183', '146134222972114568323093734752803_210321000196_2.jpg', '4');
INSERT INTO `carimg` VALUES ('525', '184', '146134223346514567953570894752803_210321000196_2.jpg', '0');
INSERT INTO `carimg` VALUES ('526', '184', '146134223347514567953571804752803_210430061441_2.jpg', '1');
INSERT INTO `carimg` VALUES ('527', '184', '14613422334911456832309223860351_113502039139_2.jpg', '2');
INSERT INTO `carimg` VALUES ('528', '184', '146134223349614568323093031295091_123914640320_2.jpg', '3');
INSERT INTO `carimg` VALUES ('529', '184', '146134223350714568323093734752803_210321000196_2.jpg', '4');
INSERT INTO `carimg` VALUES ('530', '185', '146134223697514567953570894752803_210321000196_2.jpg', '0');
INSERT INTO `carimg` VALUES ('531', '185', '146134223697814567953571804752803_210430061441_2.jpg', '1');
INSERT INTO `carimg` VALUES ('532', '185', '14613422369811456832309223860351_113502039139_2.jpg', '2');
INSERT INTO `carimg` VALUES ('533', '185', '146134223698514568323093031295091_123914640320_2.jpg', '3');
INSERT INTO `carimg` VALUES ('534', '185', '146134223698814568323093734752803_210321000196_2.jpg', '4');
INSERT INTO `carimg` VALUES ('535', '186', '146134224037814567953570894752803_210321000196_2.jpg', '0');
INSERT INTO `carimg` VALUES ('536', '186', '146134224038114567953571804752803_210430061441_2.jpg', '1');
INSERT INTO `carimg` VALUES ('537', '186', '14613422403851456832309223860351_113502039139_2.jpg', '2');
INSERT INTO `carimg` VALUES ('538', '186', '146134224038814568323093031295091_123914640320_2.jpg', '3');
INSERT INTO `carimg` VALUES ('539', '186', '146134224039214568323093734752803_210321000196_2.jpg', '4');
INSERT INTO `carimg` VALUES ('540', '187', '146134224402214567953570894752803_210321000196_2.jpg', '0');
INSERT INTO `carimg` VALUES ('541', '187', '146134224402514567953571804752803_210430061441_2.jpg', '1');
INSERT INTO `carimg` VALUES ('542', '187', '14613422440321456832309223860351_113502039139_2.jpg', '2');
INSERT INTO `carimg` VALUES ('543', '187', '146134224403614568323093031295091_123914640320_2.jpg', '3');
INSERT INTO `carimg` VALUES ('544', '187', '146134224403914568323093734752803_210321000196_2.jpg', '4');
INSERT INTO `carimg` VALUES ('545', '188', '146134224828714567953570894752803_210321000196_2.jpg', '0');
INSERT INTO `carimg` VALUES ('546', '188', '146134224828914567953571804752803_210430061441_2.jpg', '1');
INSERT INTO `carimg` VALUES ('547', '188', '14613422482921456832309223860351_113502039139_2.jpg', '2');
INSERT INTO `carimg` VALUES ('548', '188', '146134224829614568323093031295091_123914640320_2.jpg', '3');
INSERT INTO `carimg` VALUES ('549', '188', '146134224829914568323093734752803_210321000196_2.jpg', '4');
INSERT INTO `carimg` VALUES ('550', '189', '146134225193714567953570894752803_210321000196_2.jpg', '0');
INSERT INTO `carimg` VALUES ('551', '189', '146134225193914567953571804752803_210430061441_2.jpg', '1');
INSERT INTO `carimg` VALUES ('552', '189', '14613422519431456832309223860351_113502039139_2.jpg', '2');
INSERT INTO `carimg` VALUES ('553', '189', '146134225194614568323093031295091_123914640320_2.jpg', '3');
INSERT INTO `carimg` VALUES ('554', '189', '146134225194914568323093734752803_210321000196_2.jpg', '4');
INSERT INTO `carimg` VALUES ('555', '190', '146134225627814567953570894752803_210321000196_2.jpg', '0');
INSERT INTO `carimg` VALUES ('556', '190', '146134225629814567953571804752803_210430061441_2.jpg', '1');
INSERT INTO `carimg` VALUES ('557', '190', '14613422563001456832309223860351_113502039139_2.jpg', '2');
INSERT INTO `carimg` VALUES ('558', '190', '146134225630414568323093031295091_123914640320_2.jpg', '3');
INSERT INTO `carimg` VALUES ('559', '190', '146134225630614568323093734752803_210321000196_2.jpg', '4');
INSERT INTO `carimg` VALUES ('560', '191', '14613427711531456794974848200864145046215.jpg', '0');
INSERT INTO `carimg` VALUES ('561', '191', '146134277115714567953572908821914_104949466000_2.jpg', '1');
INSERT INTO `carimg` VALUES ('562', '191', '14613427711621456832309223860351_113502039139_2.jpg', '2');
INSERT INTO `carimg` VALUES ('563', '191', '146134277116714568323093031295091_123914640320_2.jpg', '3');
INSERT INTO `carimg` VALUES ('564', '191', '146134277118114568323093734752803_210321000196_2.jpg', '4');
INSERT INTO `carimg` VALUES ('565', '191', '14613724234241456832689057u=1190429872,3868477431&fm=21&gp=0.jpg', '0');
INSERT INTO `carimg` VALUES ('566', '192', '146137563796814567936369164752803_210321000196_2.jpg', '0');
INSERT INTO `carimg` VALUES ('567', '193', '146138003028514567953570894752803_210321000196_2.jpg', '0');
INSERT INTO `carimg` VALUES ('568', '193', '146138003028514567953571804752803_210430061441_2.jpg', '1');
INSERT INTO `carimg` VALUES ('569', '193', '14613800302851456832309223860351_113502039139_2.jpg', '2');

-- ----------------------------
-- Table structure for `carpinpai`
-- ----------------------------
DROP TABLE IF EXISTS `carpinpai`;
CREATE TABLE `carpinpai` (
  `id` int(11) NOT NULL AUTO_INCREMENT,
  `pinpai` varchar(255) NOT NULL,
  `pinpaiword` varchar(255) NOT NULL,
  PRIMARY KEY (`id`)
) ENGINE=InnoDB AUTO_INCREMENT=9 DEFAULT CHARSET=utf8;

-- ----------------------------
-- Records of carpinpai
-- ----------------------------
INSERT INTO `carpinpai` VALUES ('1', '奥迪', 'A 奥迪');
INSERT INTO `carpinpai` VALUES ('2', '阿尔法·罗米欧', 'A 阿尔法·罗米欧');
INSERT INTO `carpinpai` VALUES ('3', '保时捷', 'B 保时捷');
INSERT INTO `carpinpai` VALUES ('4', '昌河', 'C 昌河');
INSERT INTO `carpinpai` VALUES ('5', '法拉利', 'F 法拉利');
INSERT INTO `carpinpai` VALUES ('6', '兰博基尼', 'L 兰博基尼');
INSERT INTO `carpinpai` VALUES ('7', '捷豹', 'J 捷豹');
INSERT INTO `carpinpai` VALUES ('8', '奇瑞', 'Q 奇瑞');

-- ----------------------------
-- Table structure for `carselect`
-- ----------------------------
DROP TABLE IF EXISTS `carselect`;
CREATE TABLE `carselect` (
  `id` int(11) NOT NULL AUTO_INCREMENT,
  `pinpai` varchar(255) NOT NULL,
  `chexi` varchar(255) NOT NULL,
  PRIMARY KEY (`id`)
) ENGINE=InnoDB AUTO_INCREMENT=18 DEFAULT CHARSET=utf8;

-- ----------------------------
-- Records of carselect
-- ----------------------------
INSERT INTO `carselect` VALUES ('1', '奥迪', 'A4');
INSERT INTO `carselect` VALUES ('2', '奥迪', 'A6');
INSERT INTO `carselect` VALUES ('3', '奥迪', 'A8');
INSERT INTO `carselect` VALUES ('4', '阿尔法·罗米欧', 'A1');
INSERT INTO `carselect` VALUES ('5', '阿尔法·罗米欧', 'A2');
INSERT INTO `carselect` VALUES ('6', '保时捷', 'B1');
INSERT INTO `carselect` VALUES ('7', '保时捷', 'B2');
INSERT INTO `carselect` VALUES ('8', '昌河', 'C1');
INSERT INTO `carselect` VALUES ('9', '昌河', 'C2');
INSERT INTO `carselect` VALUES ('10', '法拉利', 'F1');
INSERT INTO `carselect` VALUES ('11', '法拉利', 'F2');
INSERT INTO `carselect` VALUES ('12', '兰博基尼', 'L1');
INSERT INTO `carselect` VALUES ('13', '兰博基尼', 'L2');
INSERT INTO `carselect` VALUES ('14', '奇瑞', 'Q1');
INSERT INTO `carselect` VALUES ('15', '奇瑞', 'Q2');
INSERT INTO `carselect` VALUES ('16', '捷豹', 'J1');
INSERT INTO `carselect` VALUES ('17', '捷豹', 'J2');

-- ----------------------------
-- Table structure for `user`
-- ----------------------------
DROP TABLE IF EXISTS `user`;
CREATE TABLE `user` (
  `id` int(11) NOT NULL AUTO_INCREMENT,
  `username` varchar(20) NOT NULL,
  `password` varchar(20) NOT NULL,
  `email` varchar(30) DEFAULT NULL,
  `realname` varchar(20) DEFAULT NULL,
  `phone` varchar(20) DEFAULT NULL,
  `reqdate` varchar(20) DEFAULT NULL,
  `status` int(11) NOT NULL DEFAULT '0',
  `type` int(11) NOT NULL DEFAULT '0',
  PRIMARY KEY (`id`)
) ENGINE=InnoDB AUTO_INCREMENT=37 DEFAULT CHARSET=utf8;

-- ----------------------------
-- Records of user
-- ----------------------------
INSERT INTO `user` VALUES ('18', 'zddzdd', 'zddzdd', '289115128@qq.com1', '赵小笛企鹅去', '15074481234', null, '0', '1');
INSERT INTO `user` VALUES ('33', '1111111e', 'zjj123456', '32@q.q', '盛大', '11111111111', null, '0', '0');
INSERT INTO `user` VALUES ('34', '1111111e2', 'zjj123456', '32@q.q', '盛大', '11111111111', null, '0', '0');
INSERT INTO `user` VALUES ('35', '1111111e22', 'zjj123456', '32@q.q', '盛大', '11111111111', null, '0', '0');
INSERT INTO `user` VALUES ('36', 'zddzdd1', '123456', '1@q.c', '地方', '11111111111', '2016-04-23 08:44:22', '0', '0');

-- ----------------------------
-- Table structure for `wantcar`
-- ----------------------------
DROP TABLE IF EXISTS `wantcar`;
CREATE TABLE `wantcar` (
  `id` int(11) NOT NULL AUTO_INCREMENT,
  `carpinpai` varchar(255) DEFAULT NULL,
  `chexi` varchar(255) DEFAULT NULL,
  `cartype` varchar(255) DEFAULT NULL,
  `jiage` varchar(255) DEFAULT NULL,
  `cheling` varchar(255) DEFAULT NULL,
  `note` varchar(255) DEFAULT NULL,
  `lianxiren` varchar(255) DEFAULT NULL,
  `lianxidianhua` varchar(255) DEFAULT NULL,
  `username` varchar(255) DEFAULT NULL,
  `status` int(11) DEFAULT '0',
  `type` int(11) DEFAULT '0',
  PRIMARY KEY (`id`)
) ENGINE=InnoDB AUTO_INCREMENT=12 DEFAULT CHARSET=utf8;

-- ----------------------------
-- Records of wantcar
-- ----------------------------
INSERT INTO `wantcar` VALUES ('1', '阿尔法·罗米欧', 'A1', '豪华车', '30万以上', '10年以上', '123', '123', '123', null, '0', '0');
INSERT INTO `wantcar` VALUES ('2', '阿尔法·罗米欧', 'A1', '豪华车', '30万以上', '10年以上', '123', '123', '123', null, '0', '0');
INSERT INTO `wantcar` VALUES ('3', '阿尔法·罗米欧', 'A1', '豪华车', '30万以上', '10年以上', '123', '123', '123', null, '0', '0');
INSERT INTO `wantcar` VALUES ('4', '阿尔法·罗米欧', 'A1', '小型车', '1万-2万', '1-2年', '123', '321', '3123', null, '0', '0');
INSERT INTO `wantcar` VALUES ('5', '阿尔法·罗米欧', 'A1', '小型车', '1万-2万', '1-2年', '123', '321', '3123', 'zddzdd', '2', '0');
INSERT INTO `wantcar` VALUES ('6', '阿尔法·罗米欧', '', '小型车', '1万-2万', '1-2年', '123', '321', '3123', null, '0', '0');
INSERT INTO `wantcar` VALUES ('7', '阿尔法·罗米欧', '', '小型车', '1万-2万', '1-2年', '123', '321', '3123', null, '0', '0');
INSERT INTO `wantcar` VALUES ('8', '奥迪', '', '豪华车', '30万以上', '10年以上', '123', '123', '123', 'zddzdd', '2', '0');
INSERT INTO `wantcar` VALUES ('9', '奥迪', 'A4', '小型车', '1万-2万', '1-2年', '1', '1', '1', 'zddzdd', '2', '0');
INSERT INTO `wantcar` VALUES ('10', '保时捷', 'B1', '微型车', '30万以上', '2-3年', 'qwe', '123', '15074485809', 'zddzdd', '0', '0');
INSERT INTO `wantcar` VALUES ('11', '奥迪', 'A4', '豪华车', '30万以上', '10年以上', '1', '1', '1', 'zddzdd', '0', '0');
